Protocollo;Gruppo;DataOraIncidente;Localizzazione1;STRADA1;Localizzazione2;STRADA2;Strada02;Chilometrica;DaSpecificare;NaturaIncidente;particolaritastrade;TipoStrada;FondoStradale;Pavimentazione;Segnaletica;CondizioneAtmosferica;Traffico;Visibilita;Illuminazione;NUM_FERITI;NUM_RISERVATA;NUM_MORTI;NUM_ILLESI;Longitudine;Latitudine;Confermato;Progressivo;TipoVeicolo;StatoVeicolo;TipoPersona;Sesso;Tipolesione;Deceduto;DecedutoDopo;CinturaCascoUtilizzato;Airbag
2956269;13;08/09/2016 10:15;Statale;VIA DEL MARE;in prossimità;;della chilometrica;14.7;;Tamponamento Multiplo;Rettilineo;Una carreggiata a doppio senso;Asciutto;Asfaltata;Verticale ed orizzontale;Sereno;Normale;Buona;Ore Diurne;0;0;0;4;12,46324;41,84026;-1;3;Autovettura privata;In marcia / fermata / arresto;Conducente;F;Illeso;0;;Non accertato;Inesploso
2956275;8;08/09/2016 10:54;Strada Urbana;VIA DI ROCCA CENCIA;in corrispondenza;;del civico n.;13;;Tamponamento Multiplo;Rettilineo;Una carreggiata a doppio senso;Asciutto;Asfaltata;Orizzontale;Sereno;Normale;Buona;Ore Diurne;1;0;0;0;12,68799;41,86354;-1;1;Autovettura privata;In marcia / fermata / arresto;Conducente;M;Rifiuta cure immediate;0;NON DECEDUTO;;
2956279;8;08/09/2016 12:15;Strada Urbana;VIA CASILINA;in corrispondenza;;del civico n.;1230;;Scontro laterale fra veicoli in marcia;Rettilineo;Una carreggiata a doppio senso;Asciutto;Asfaltata;Orizzontale;Sereno;Normale;Buona;Ore Diurne;0;0;0;2;12,60491;41,86446;-1;1;Autovettura privata;In marcia / fermata / arresto;Conducente;M;Illeso;0;;Non accertato;Inesploso
2956279;8;08/09/2016 12:15;Strada Urbana;VIA CASILINA;in corrispondenza;;del civico n.;1230;;Scontro laterale fra veicoli in marcia;Rettilineo;Una carreggiata a doppio senso;Asciutto;Asfaltata;Orizzontale;Sereno;Normale;Buona;Ore Diurne;0;0;0;2;12,60491;41,86446;-1;2;Motociclo a solo;In marcia / fermata / arresto;Conducente;M;Illeso;0;;Non accertato;
2956284;8;08/09/2016 12:45;Strada Urbana;VIALE DEI ROMANISTI;in prossimità;;del civico n.;112;;Veicolo in marcia contro ostacolo accidentale;Rettilineo;Due carreggiate;Asciutto;Asfaltata;Verticale ed orizzontale;Sereno;Normale;Buona;Ore Diurne;0;0;0;2;12,578;41,86741;-1;1;Autovettura privata;In marcia / fermata / arresto;Conducente;F;Illeso;0;;Non accertato;Inesploso
2956284;8;08/09/2016 12:45;Strada Urbana;VIALE DEI ROMANISTI;in prossimità;;del civico n.;112;;Veicolo in marcia contro ostacolo accidentale;Rettilineo;Due carreggiate;Asciutto;Asfaltata;Verticale ed orizzontale;Sereno;Normale;Buona;Ore Diurne;0;0;0;2;12,578;41,86741;-1;1;Autovettura privata;In marcia / fermata / arresto;Passeggero;F;Illeso;0;;Non accertato;Inesploso
2956285;8;08/09/2016 16:40;Strada Urbana;VIA DI TOR BELLA MONACA;in prossimità;;del palo luce n.;55;;Veicolo in marcia contro ostacolo accidentale;Curva a visuale libera;Due carreggiate;Asciutto;Asfaltata;Verticale ed orizzontale;Sereno;Normale;Buona;Ore Diurne;0;0;0;3;12,62375;41,87848;-1;1;Autovettura privata;In marcia / fermata / arresto;Conducente;F;Illeso;0;;Non accertato;Inesploso
2956285;8;08/09/2016 16:40;Strada Urbana;VIA DI TOR BELLA MONACA;in prossimità;;del palo luce n.;55;;Veicolo in marcia contro ostacolo accidentale;Curva a visuale libera;Due carreggiate;Asciutto;Asfaltata;Verticale ed orizzontale;Sereno;Normale;Buona;Ore Diurne;0;0;0;3;12,62375;41,87848;-1;1;Autovettura privata;In marcia / fermata / arresto;Passeggero;M;Illeso;0;;Non accertato;Inesploso
2956285;8;08/09/2016 16:40;Strada Urbana;VIA DI TOR BELLA MONACA;in prossimità;;del palo luce n.;55;;Veicolo in marcia contro ostacolo accidentale;Curva a visuale libera;Due carreggiate;Asciutto;Asfaltata;Verticale ed orizzontale;Sereno;Normale;Buona;Ore Diurne;0;0;0;3;12,62375;41,87848;-1;1;Autovettura privata;In marcia / fermata / arresto;Passeggero;M;Illeso;0;;Non accertato;Inesploso
2956290;20;08/09/2016 19:00;Strada Urbana;VIA FLAMINIA NUOVA;in prossimità;;del civico n.;290;;Tamponamento Multiplo;Rettilineo;Una carreggiata a doppio senso;Asciutto;Asfaltata;Verticale ed orizzontale;Sereno;Intenso;Buona;Ore Diurne;0;0;0;3;12,47479;41,95373;-1;1;Autovettura privata;In marcia / fermata / arresto;Conducente;F;Illeso;0;;Non accertato;Inesploso
2956290;20;08/09/2016 19:00;Strada Urbana;VIA FLAMINIA NUOVA;in prossimità;;del civico n.;290;;Tamponamento Multiplo;Rettilineo;Una carreggiata a doppio senso;Asciutto;Asfaltata;Verticale ed orizzontale;Sereno;Intenso;Buona;Ore Diurne;0;0;0;3;12,47479;41,95373;-1;2;Autovettura privata;In marcia / fermata / arresto;Conducente;M;Illeso;0;;Non accertato;Inesploso
2956290;20;08/09/2016 19:00;Strada Urbana;VIA FLAMINIA NUOVA;in prossimità;;del civico n.;290;;Tamponamento Multiplo;Rettilineo;Una carreggiata a doppio senso;Asciutto;Asfaltata;Verticale ed orizzontale;Sereno;Intenso;Buona;Ore Diurne;0;0;0;3;12,47479;41,95373;-1;3;Autovettura privata;In marcia / fermata / arresto;Conducente;M;Illeso;0;;Non accertato;Inesploso
2956293;20;08/09/2016 17:30;Regionale entro l'abitato;VIA CASSIA;da specificare;;;;Fronte palo Acea nr. 250;Tamponamento Multiplo;Rettilineo;Una carreggiata a doppio senso;Asciutto;Asfaltata;Verticale ed orizzontale;Sereno;Normale;Buona;Ore Diurne;0;0;0;3;12,40059;41,98849;-1;1;Autovettura privata;In marcia / fermata / arresto;Conducente;M;Illeso;0;;Non accertato;Inesploso
2956293;20;08/09/2016 17:30;Regionale entro l'abitato;VIA CASSIA;da specificare;;;;Fronte palo Acea nr. 250;Tamponamento Multiplo;Rettilineo;Una carreggiata a doppio senso;Asciutto;Asfaltata;Verticale ed orizzontale;Sereno;Normale;Buona;Ore Diurne;0;0;0;3;12,40059;41,98849;-1;2;Autovettura privata;In marcia / fermata / arresto;Conducente;M;Illeso;0;;Non accertato;Inesploso
2956293;20;08/09/2016 17:30;Regionale entro l'abitato;VIA CASSIA;da specificare;;;;Fronte palo Acea nr. 250;Tamponamento Multiplo;Rettilineo;Una carreggiata a doppio senso;Asciutto;Asfaltata;Verticale ed orizzontale;Sereno;Normale;Buona;Ore Diurne;0;0;0;3;12,40059;41,98849;-1;3;Autovettura privata;In marcia / fermata / arresto;Conducente;M;Illeso;0;;Non accertato;Esploso
2956296;8;08/09/2016 17:30;Strada Urbana;VIA PRENESTINA;all'intersezione con;VIA ROCCA D'EVANDRO;VIA ROCCA D'EVANDRO;;;Scontro frontale/laterale DX fra veicoli in marcia;Intersezione stradale segnalata;Una carreggiata a doppio senso;Asciutto;Asfaltata;Verticale ed orizzontale;Sereno;Normale;Buona;Ore Diurne;1;0;0;1;12,61063;41,89345;-1;1;Autovettura privata;In marcia / fermata / arresto;Conducente;M;Illeso;0;;Non accertato;Inesploso
2956296;8;08/09/2016 17:30;Strada Urbana;VIA PRENESTINA;all'intersezione con;VIA ROCCA D'EVANDRO;VIA ROCCA D'EVANDRO;;;Scontro frontale/laterale DX fra veicoli in marcia;Intersezione stradale segnalata;Una carreggiata a doppio senso;Asciutto;Asfaltata;Verticale ed orizzontale;Sereno;Normale;Buona;Ore Diurne;1;0;0;1;12,61063;41,89345;-1;2;Motociclo a solo;In marcia / fermata / arresto;Conducente;M;Rimandato;0;NON DECEDUTO;Non accertato;
2956299;8;08/09/2016 17:45;Provinciale entro l'abitato;VIA PRENESTINA;all'intersezione con;VIA DI PRATOLUNGO CASILINO;VIA DI PRATOLUNGO CASILINO;;;Infortunio per sola frenata improvvisa;Incrocio;Una carreggiata a doppio senso;Asciutto;Asfaltata;Verticale ed orizzontale;Sereno;Normale;Buona;Ore Diurne;1;0;0;1;12,66043;41,8909;-1;1;Autovettura privata;In marcia / fermata / arresto;Conducente;F;Illeso;0;;Non accertato;Inesploso
2956299;8;08/09/2016 17:45;Provinciale entro l'abitato;VIA PRENESTINA;all'intersezione con;VIA DI PRATOLUNGO CASILINO;VIA DI PRATOLUNGO CASILINO;;;Infortunio per sola frenata improvvisa;Incrocio;Una carreggiata a doppio senso;Asciutto;Asfaltata;Verticale ed orizzontale;Sereno;Normale;Buona;Ore Diurne;1;0;0;1;12,66043;41,8909;-1;2;Motociclo a solo;In marcia / fermata / arresto;Conducente;M;Rimandato;0;NON DECEDUTO;Non accertato;
2956319;16;08/09/2016 14:05;Strada Urbana;VIA DI BRAVETTA;in corrispondenza;;del civico n.;434;;Infortunio per sola frenata improvvisa;Rettilineo;Una carreggiata a doppio senso;Asciutto;Asfaltata;Verticale ed orizzontale;Sereno;Normale;Buona;Ore Diurne;1;0;0;0;12,42468;41,87547;-1;1;Motociclo a solo;In marcia / fermata / arresto;Conducente;M;Rimandato;0;NON DECEDUTO;Non accertato;
2956321;4;08/09/2016 08:15;Statale;VIA SALARIA;all'intersezione con;VIA DI VALLE RICCA;VIA DI VALLE RICCA;;;Scontro frontale/laterale DX fra veicoli in marcia;Intersezione stradale segnalata;Una carreggiata a doppio senso;Asciutto;Asfaltata;Verticale ed orizzontale;Sereno;Normale;Buona;Ore Diurne;1;0;0;1;12,50624;41,96289;-1;1;Motociclo a solo;In marcia / fermata / arresto;Conducente;M;Rimandato;0;NON DECEDUTO;Non accertato;
2956321;4;08/09/2016 08:15;Statale;VIA SALARIA;all'intersezione con;VIA DI VALLE RICCA;VIA DI VALLE RICCA;;;Scontro frontale/laterale DX fra veicoli in marcia;Intersezione stradale segnalata;Una carreggiata a doppio senso;Asciutto;Asfaltata;Verticale ed orizzontale;Sereno;Normale;Buona;Ore Diurne;1;0;0;1;12,50624;41,96289;-1;2;Autovettura privata;In marcia / fermata / arresto;Conducente;M;Illeso;0;;Non accertato;Inesploso
2956325;10;09/09/2016 07:15;Strada Urbana;LARGO PADRE LEONARDO BELLO;all'intersezione con;VIA DI S. TARCISIO;VIA DI S. TARCISIO;;;Infortunio per caduta del veicolo;Intersezione stradale segnalata;Una carreggiata a senso unico di marcia;Asciutto;Asfaltata;Orizzontale;Sereno;Normale;Buona;Ore Diurne;1;0;0;1;12,54865;41,84362;-1;1;Motociclo a solo;In marcia / fermata / arresto;Conducente;M;Rimandato;0;NON DECEDUTO;Non accertato;
2956325;10;09/09/2016 07:15;Strada Urbana;LARGO PADRE LEONARDO BELLO;all'intersezione con;VIA DI S. TARCISIO;VIA DI S. TARCISIO;;;Infortunio per caduta del veicolo;Intersezione stradale segnalata;Una carreggiata a senso unico di marcia;Asciutto;Asfaltata;Orizzontale;Sereno;Normale;Buona;Ore Diurne;1;0;0;1;12,54865;41,84362;-1;2;Autovettura privata;In marcia / fermata / arresto;Conducente;M;Illeso;0;;Non accertato;Inesploso
2956328;1;08/09/2016 14:45;Strada Urbana;PIAZZA DI S. GIOVANNI IN LATERANO;in prossimità;;del civico n.;82;;Scontro laterale fra veicoli in marcia;Rettilineo;Una carreggiata a doppio senso;Asciutto;Asfaltata;Verticale ed orizzontale;Nuvoloso;Normale;Buona;Ore Diurne;0;0;0;3;12,50491;41,88725;-1;1;Autovettura privata;In marcia / fermata / arresto;Conducente;F;Illeso;0;;Non accertato;
2956328;1;08/09/2016 14:45;Strada Urbana;PIAZZA DI S. GIOVANNI IN LATERANO;in prossimità;;del civico n.;82;;Scontro laterale fra veicoli in marcia;Rettilineo;Una carreggiata a doppio senso;Asciutto;Asfaltata;Verticale ed orizzontale;Nuvoloso;Normale;Buona;Ore Diurne;0;0;0;3;12,50491;41,88725;-1;1;Autovettura privata;In marcia / fermata / arresto;Passeggero;M;Illeso;0;;Non accertato;
2956328;1;08/09/2016 14:45;Strada Urbana;PIAZZA DI S. GIOVANNI IN LATERANO;in prossimità;;del civico n.;82;;Scontro laterale fra veicoli in marcia;Rettilineo;Una carreggiata a doppio senso;Asciutto;Asfaltata;Verticale ed orizzontale;Nuvoloso;Normale;Buona;Ore Diurne;0;0;0;3;12,50491;41,88725;-1;2;Motociclo a solo;In marcia / fermata / arresto;Conducente;M;Illeso;0;;;
2956332;13;08/09/2016 10:30;Strada Urbana;VIA PADRE MASSARUTI;in prossimità;;del civico n.;115;;Veicolo in marcia contro ostacolo accidentale;Rettilineo;Una carreggiata a doppio senso;Asciutto;Con buche;Verticale ed orizzontale;Sereno;Normale;Buona;Ore Diurne;0;0;0;1;12,35299;41,76402;-1;1;Autovettura privata;In marcia / fermata / arresto;Conducente;F;Illeso;0;;Non accertato;Inesploso
2956335;16;08/09/2016 19:40;Strada Urbana;VIA DEI GONZAGA;da specificare;;;;FRONTE CIVICO 21;Infortunio per sola frenata improvvisa;Curva a visuale libera;Una carreggiata a senso unico di marcia;Asciutto;Asfaltata;Assente;Sereno;Normale;Sufficiente;Ore Diurne;0;0;0;1;12,42043;41,88184;-1;2;Autovettura privata;In marcia / fermata / arresto;Conducente;F;Illeso;0;;;
2956371;13;08/09/2016 13:10;Strada Urbana;VIA ERNESTO BOEZI;in corrispondenza;;del civico n.;170/172;;Veicolo in marcia contro ostacolo accidentale;Rettilineo;Una carreggiata a doppio senso;Asciutto;Asfaltata;Assente;Sereno;Normale;Buona;Ore Diurne;0;0;0;2;12,37209;41,74151;-1;1;Autovettura privata;In marcia / fermata / arresto;Conducente;M;Illeso;0;;Non accertato;
2956371;13;08/09/2016 13:10;Strada Urbana;VIA ERNESTO BOEZI;in corrispondenza;;del civico n.;170/172;;Veicolo in marcia contro ostacolo accidentale;Rettilineo;Una carreggiata a doppio senso;Asciutto;Asfaltata;Assente;Sereno;Normale;Buona;Ore Diurne;0;0;0;2;12,37209;41,74151;-1;1;Autovettura privata;In marcia / fermata / arresto;Passeggero;M;Illeso;0;;Non accertato;
2956385;10;08/09/2016 22:00;Strada Urbana;VIALE CASTRENSE;da specificare;;;;fronte civ 29;Tamponamento Multiplo;Rettilineo;Una carreggiata a doppio senso;Asciutto;Asfaltata;Verticale ed orizzontale;Sereno;Scarso;Buona;Sufficiente;0;0;0;4;12,51931;41,88918;-1;1;Autovettura privata;In marcia / fermata / arresto;Conducente;F;Illeso;0;;Non accertato;Inesploso
2956385;10;08/09/2016 22:00;Strada Urbana;VIALE CASTRENSE;da specificare;;;;fronte civ 29;Tamponamento Multiplo;Rettilineo;Una carreggiata a doppio senso;Asciutto;Asfaltata;Verticale ed orizzontale;Sereno;Scarso;Buona;Sufficiente;0;0;0;4;12,51931;41,88918;-1;2;Autovettura privata;In marcia / fermata / arresto;Conducente;M;Illeso;0;;Utilizzato;Inesploso
2956385;10;08/09/2016 22:00;Strada Urbana;VIALE CASTRENSE;da specificare;;;;fronte civ 29;Tamponamento Multiplo;Rettilineo;Una carreggiata a doppio senso;Asciutto;Asfaltata;Verticale ed orizzontale;Sereno;Scarso;Buona;Sufficiente;0;0;0;4;12,51931;41,88918;-1;2;Autovettura privata;In marcia / fermata / arresto;Passeggero;M;Illeso;0;;Non accertato;Inesploso
2956385;10;08/09/2016 22:00;Strada Urbana;VIALE CASTRENSE;da specificare;;;;fronte civ 29;Tamponamento Multiplo;Rettilineo;Una carreggiata a doppio senso;Asciutto;Asfaltata;Verticale ed orizzontale;Sereno;Scarso;Buona;Sufficiente;0;0;0;4;12,51931;41,88918;-1;3;Autovettura privata;In marcia / fermata / arresto;Conducente;M;Illeso;0;;Utilizzato;Esploso
2956410;10;09/09/2016 00:10;Strada Urbana;VIA DEI GELSI;all'intersezione con;VIA DEI CICLAMINI;VIA DEI CICLAMINI;;;Scontro frontale/laterale SX fra veicoli in marcia;Incrocio;Una carreggiata a doppio senso;Asciutto;Asfaltata;Verticale ed orizzontale;Sereno;Scarso;Sufficiente;Sufficiente;2;0;0;1;12,56719;41,8889;-1;1;Autovettura privata;In marcia / fermata / arresto;Conducente;M;Illeso;0;;Non accertato;Inesploso
2956410;10;09/09/2016 00:10;Strada Urbana;VIA DEI GELSI;all'intersezione con;VIA DEI CICLAMINI;VIA DEI CICLAMINI;;;Scontro frontale/laterale SX fra veicoli in marcia;Incrocio;Una carreggiata a doppio senso;Asciutto;Asfaltata;Verticale ed orizzontale;Sereno;Scarso;Sufficiente;Sufficiente;2;0;0;1;12,56719;41,8889;-1;1;Autovettura privata;In marcia / fermata / arresto;Passeggero;M;Rimandato;0;NON DECEDUTO;Non accertato;Inesploso
2956410;10;09/09/2016 00:10;Strada Urbana;VIA DEI GELSI;all'intersezione con;VIA DEI CICLAMINI;VIA DEI CICLAMINI;;;Scontro frontale/laterale SX fra veicoli in marcia;Incrocio;Una carreggiata a doppio senso;Asciutto;Asfaltata;Verticale ed orizzontale;Sereno;Scarso;Sufficiente;Sufficiente;2;0;0;1;12,56719;41,8889;-1;2;Motociclo a solo;In marcia / fermata / arresto;Conducente;M;Ricoverato;0;NON DECEDUTO;Non accertato;
2956418;20;08/09/2016 18:20;Strada Urbana;VIALE ANTONINO DI SAN GIULIANO;all'intersezione semaforizzata con;LARGO BRATISLAVA;LARGO BRATISLAVA;;;Scontro frontale/laterale DX fra veicoli in marcia;Intersezione semaforizzata;Due carreggiate;Asciutto;Asfaltata;Verticale ed orizzontale;Sereno;Normale;Buona;Ore Diurne;1;0;0;3;12,46051;41,9372;-1;1;Autovettura privata;In marcia / fermata / arresto;Conducente;M;Illeso;0;;Non accertato;Inesploso
2956418;20;08/09/2016 18:20;Strada Urbana;VIALE ANTONINO DI SAN GIULIANO;all'intersezione semaforizzata con;LARGO BRATISLAVA;LARGO BRATISLAVA;;;Scontro frontale/laterale DX fra veicoli in marcia;Intersezione semaforizzata;Due carreggiate;Asciutto;Asfaltata;Verticale ed orizzontale;Sereno;Normale;Buona;Ore Diurne;1;0;0;3;12,46051;41,9372;-1;2;Autovettura privata;In marcia / fermata / arresto;Conducente;M;Illeso;0;;Non accertato;Inesploso
2956418;20;08/09/2016 18:20;Strada Urbana;VIALE ANTONINO DI SAN GIULIANO;all'intersezione semaforizzata con;LARGO BRATISLAVA;LARGO BRATISLAVA;;;Scontro frontale/laterale DX fra veicoli in marcia;Intersezione semaforizzata;Due carreggiate;Asciutto;Asfaltata;Verticale ed orizzontale;Sereno;Normale;Buona;Ore Diurne;1;0;0;3;12,46051;41,9372;-1;2;Autovettura privata;In marcia / fermata / arresto;Passeggero;F;Illeso;0;;Non accertato;Inesploso
2956418;20;08/09/2016 18:20;Strada Urbana;VIALE ANTONINO DI SAN GIULIANO;all'intersezione semaforizzata con;LARGO BRATISLAVA;LARGO BRATISLAVA;;;Scontro frontale/laterale DX fra veicoli in marcia;Intersezione semaforizzata;Due carreggiate;Asciutto;Asfaltata;Verticale ed orizzontale;Sereno;Normale;Buona;Ore Diurne;1;0;0;3;12,46051;41,9372;-1;2;Autovettura privata;In marcia / fermata / arresto;Passeggero;M;Rifiuta cure immediate;0;NON DECEDUTO;Non accertato;Inesploso
2956462;7;08/09/2016 21:25;Strada Urbana;VIA DEI CASTANI;in corrispondenza;;del civico n.;34;;Investimento di pedone;Rettilineo;Una carreggiata a doppio senso;Asciutto;Asfaltata;Orizzontale;Sereno;Normale;Buona;Sufficiente;2;0;0;0;12,56656;41,87857;-1;;;;Pedone;M;Rimandato;0;NON DECEDUTO;;
2956462;7;08/09/2016 21:25;Strada Urbana;VIA DEI CASTANI;in corrispondenza;;del civico n.;34;;Investimento di pedone;Rettilineo;Una carreggiata a doppio senso;Asciutto;Asfaltata;Orizzontale;Sereno;Normale;Buona;Sufficiente;2;0;0;0;12,56656;41,87857;-1;1;Motociclo a solo;In marcia / fermata / arresto;Conducente;M;Rimandato;0;NON DECEDUTO;Non accertato;
2956467;4;08/09/2016 08:50;Strada Urbana;VIA LUIGI CAPUANA;in prossimità;;del civico n.;197;;Scontro laterale fra veicoli in marcia;Rettilineo;Due carreggiate;Asciutto;Asfaltata;Assente;Sereno;Normale;Buona;Ore Diurne;0;0;0;2;12,54853;41,94999;-1;1;Autovettura privata;In marcia / fermata / arresto;Conducente;M;Illeso;0;;Non accertato;Inesploso
2956467;4;08/09/2016 08:50;Strada Urbana;VIA LUIGI CAPUANA;in prossimità;;del civico n.;197;;Scontro laterale fra veicoli in marcia;Rettilineo;Due carreggiate;Asciutto;Asfaltata;Assente;Sereno;Normale;Buona;Ore Diurne;0;0;0;2;12,54853;41,94999;-1;2;Autovettura privata;In marcia / fermata / arresto;Conducente;M;Illeso;0;;Non accertato;Inesistente
2956472;4;08/09/2016 08:25;Strada Urbana;VIA PODENZANA;all'intersezione con;VIA TRESANA;VIA TRESANA;;;Scontro laterale fra veicoli in marcia;Incrocio;Una carreggiata a senso unico di marcia;Asciutto;Asfaltata;Assente;Sereno;Scarso;Buona;Ore Diurne;0;0;0;3;12,51978;41,95703;-1;1;Autovettura privata;In marcia / fermata / arresto;Conducente;M;Illeso;0;;Non accertato;Inesploso
2956472;4;08/09/2016 08:25;Strada Urbana;VIA PODENZANA;all'intersezione con;VIA TRESANA;VIA TRESANA;;;Scontro laterale fra veicoli in marcia;Incrocio;Una carreggiata a senso unico di marcia;Asciutto;Asfaltata;Assente;Sereno;Scarso;Buona;Ore Diurne;0;0;0;3;12,51978;41,95703;-1;2;Autocarro inferiore 35 q.;In marcia / fermata / arresto;Conducente;M;Illeso;0;;Non accertato;Inesploso
2956472;4;08/09/2016 08:25;Strada Urbana;VIA PODENZANA;all'intersezione con;VIA TRESANA;VIA TRESANA;;;Scontro laterale fra veicoli in marcia;Incrocio;Una carreggiata a senso unico di marcia;Asciutto;Asfaltata;Assente;Sereno;Scarso;Buona;Ore Diurne;0;0;0;3;12,51978;41,95703;-1;2;Autocarro inferiore 35 q.;In marcia / fermata / arresto;Passeggero;M;Illeso;0;;Non accertato;Inesploso
2956474;7;09/09/2016 09:15;Strada Urbana;VIALE PALMIRO TOGLIATTI;da specificare;;;;altezza via casilina;Scontro laterale fra veicoli in marcia;Rettilineo;Due carreggiate;Asciutto;Asfaltata;Orizzontale;Sereno;Normale;Buona;Ore Diurne;0;0;0;2;12,56984;41,87376;-1;1;Autovettura privata;In marcia / fermata / arresto;Conducente;M;Illeso;0;;Non accertato;Inesploso
2956474;7;09/09/2016 09:15;Strada Urbana;VIALE PALMIRO TOGLIATTI;da specificare;;;;altezza via casilina;Scontro laterale fra veicoli in marcia;Rettilineo;Due carreggiate;Asciutto;Asfaltata;Orizzontale;Sereno;Normale;Buona;Ore Diurne;0;0;0;2;12,56984;41,87376;-1;2;Autovettura privata;In marcia / fermata / arresto;Conducente;F;Illeso;0;;Non accertato;Inesploso
2956495;17;08/09/2016 11:25;Strada Urbana;VIA CRESCENZIO;all'intersezione con;VIA VARRONE;VIA VARRONE;;;Scontro frontale/laterale SX fra veicoli in marcia;Incrocio;Una carreggiata a doppio senso;Asciutto;Acciotolata;Verticale ed orizzontale;Sereno;Normale;Buona;Ore Diurne;1;0;0;2;12,4602;41,90607;-1;1;Motociclo con passeggero;In marcia / fermata / arresto;Conducente;M;Rimandato;0;NON DECEDUTO;Non accertato;
2956495;17;08/09/2016 11:25;Strada Urbana;VIA CRESCENZIO;all'intersezione con;VIA VARRONE;VIA VARRONE;;;Scontro frontale/laterale SX fra veicoli in marcia;Incrocio;Una carreggiata a doppio senso;Asciutto;Acciotolata;Verticale ed orizzontale;Sereno;Normale;Buona;Ore Diurne;1;0;0;2;12,4602;41,90607;-1;2;Autovettura privata;In marcia / fermata / arresto;Conducente;M;Illeso;0;;Non accertato;Inesploso
2956495;17;08/09/2016 11:25;Strada Urbana;VIA CRESCENZIO;all'intersezione con;VIA VARRONE;VIA VARRONE;;;Scontro frontale/laterale SX fra veicoli in marcia;Incrocio;Una carreggiata a doppio senso;Asciutto;Acciotolata;Verticale ed orizzontale;Sereno;Normale;Buona;Ore Diurne;1;0;0;2;12,4602;41,90607;-1;2;Autovettura privata;In marcia / fermata / arresto;Passeggero;F;Illeso;0;;Non accertato;Inesploso
2956500;1;08/09/2016 16:00;Strada Urbana;PIAZZA DI S. CLEMENTE;da specificare;;;;fronte civ. 1/B;Veicolo in marcia contro veicolo in sosta;Rettilineo;Una carreggiata a doppio senso;Asciutto;In cubetti di porfido;Verticale ed orizzontale;Sereno;Normale;Buona;Ore Diurne;0;0;0;1;12,49829;41,88953;-1;1;Autobus di linea;In marcia / fermata / arresto;Conducente;M;Illeso;0;;Non accertato;Inesploso
2956510;2;08/09/2016 07:15;Strada Urbana;CIRCONVALLAZIONE SALARIA;da specificare;;;;dir. S. Giovanni alt. palo Acea 90;Veicolo in marcia contro ostacolo fisso;Curva a visuale libera;Due carreggiate;Asciutto;Asfaltata;Orizzontale;Sereno;Intenso;Buona;Ore Diurne;0;0;0;1;12,52086;41,93447;-1;1;Autocarro inferiore 35 q.;In marcia / fermata / arresto;Conducente;M;Illeso;0;;;
2956512;13;08/09/2016 14:00;Strada Urbana;LUNGOMARE PAOLO TOSCANELLI;in corrispondenza;;del civico n.;119 B;;Veicolo in marcia contro veicolo in sosta;Rettilineo;Due carreggiate;Asciutto;Asfaltata;Assente;Sereno;Intenso;Buona;Ore Diurne;0;0;0;1;12,27382;41,73034;-1;2;Autocarro inferiore 35 q.;In marcia / fermata / arresto;Conducente;M;Illeso;0;;;
2956514;2;08/09/2016 11:40;Strada Urbana;VIA PO;in prossimità;;del civico n.;29C;;Scontro laterale fra veicoli in marcia;Rettilineo;Una carreggiata a doppio senso;Asciutto;Asfaltata;Verticale ed orizzontale;Sereno;Intenso;Buona;Ore Diurne;0;0;0;3;12,4959;41,91527;-1;1;Autovettura privata;In marcia / fermata / arresto;Conducente;M;Illeso;0;;;
2956514;2;08/09/2016 11:40;Strada Urbana;VIA PO;in prossimità;;del civico n.;29C;;Scontro laterale fra veicoli in marcia;Rettilineo;Una carreggiata a doppio senso;Asciutto;Asfaltata;Verticale ed orizzontale;Sereno;Intenso;Buona;Ore Diurne;0;0;0;3;12,4959;41,91527;-1;1;Autovettura privata;In marcia / fermata / arresto;Passeggero;M;Illeso;0;;;
2956514;2;08/09/2016 11:40;Strada Urbana;VIA PO;in prossimità;;del civico n.;29C;;Scontro laterale fra veicoli in marcia;Rettilineo;Una carreggiata a doppio senso;Asciutto;Asfaltata;Verticale ed orizzontale;Sereno;Intenso;Buona;Ore Diurne;0;0;0;3;12,4959;41,91527;-1;2;Autovettura privata;In marcia / fermata / arresto;Conducente;F;Illeso;0;;;
2956518;2;08/09/2016 14:05;Strada Urbana;VIA CHIANA;all'intersezione con;VIA TRONTO;VIA TRONTO;;;Scontro frontale/laterale DX fra veicoli in marcia;Incrocio;Due carreggiate;Asciutto;Asfaltata;Verticale;Sereno;Normale;Buona;Ore Diurne;1;0;0;1;12,50615;41,92133;-1;1;Autovettura privata;In marcia / fermata / arresto;Conducente;F;Illeso;0;;;
2956518;2;08/09/2016 14:05;Strada Urbana;VIA CHIANA;all'intersezione con;VIA TRONTO;VIA TRONTO;;;Scontro frontale/laterale DX fra veicoli in marcia;Incrocio;Due carreggiate;Asciutto;Asfaltata;Verticale;Sereno;Normale;Buona;Ore Diurne;1;0;0;1;12,50615;41,92133;-1;2;Motociclo a solo;In marcia / fermata / arresto;Conducente;M;Ricoverato;0;NON DECEDUTO;;
2956519;1;09/09/2016 00:20;Strada Urbana;VIA NAPOLEONE III;all'intersezione con;VIA GIOBERTI;VIA GIOBERTI;;;Scontro frontale/laterale DX fra veicoli in marcia;Incrocio;Una carreggiata a doppio senso;Asciutto;Asfaltata;Verticale;Sereno;Scarso;Buona;Sufficiente;1;0;0;3;12,50179;41,897;-1;1;Autovettura privata;In marcia / fermata / arresto;Conducente;M;Illeso;0;;Non accertato;Inesploso