Protocollo;Gruppo;DataOraIncidente;Localizzazione1;STRADA1;Localizzazione2;STRADA2;Strada02;Chilometrica;DaSpecificare;NaturaIncidente;particolaritastrade;TipoStrada;FondoStradale;Pavimentazione;Segnaletica;CondizioneAtmosferica;Traffico;Visibilita;Illuminazione;NUM_FERITI;NUM_RISERVATA;NUM_MORTI;NUM_ILLESI;Longitudine;Latitudine;Confermato;Progressivo;TipoVeicolo;StatoVeicolo;TipoPersona;Sesso;Tipolesione;Deceduto;DecedutoDopo;CinturaCascoUtilizzato;Airbag
2969799;5;17/09/2016 12:40;Strada Urbana;VIA TIBURTINA;in corrispondenza;;del civico n.;820;;Veicolo in marcia contro veicolo in sosta;Rettilineo;Una carreggiata a doppio senso;Asciutto;Asfaltata;Orizzontale;Sereno;Normale;Buona;Ore Diurne;0;0;0;1;12,56071;41,9148;-1;2;Autocarro inferiore 35 q.;In marcia / fermata / arresto;Conducente;M;Illeso;0;;;
2969802;5;17/09/2016 15:45;Strada Urbana;VIA TIBURTINA;da specificare;;;;area sosta fronte civico 578;Scontro laterale fra veicoli in marcia;Rettilineo;Una carreggiata a senso unico di marcia;Asciutto;Asfaltata;Verticale ed orizzontale;Nuvoloso;Scarso;Buona;Ore Diurne;0;0;0;4;12,53958;41,90835;-1;1;Autovettura privata;In marcia / fermata / arresto;Conducente;M;Illeso;0;;Non accertato;
2969802;5;17/09/2016 15:45;Strada Urbana;VIA TIBURTINA;da specificare;;;;area sosta fronte civico 578;Scontro laterale fra veicoli in marcia;Rettilineo;Una carreggiata a senso unico di marcia;Asciutto;Asfaltata;Verticale ed orizzontale;Nuvoloso;Scarso;Buona;Ore Diurne;0;0;0;4;12,53958;41,90835;-1;1;Autovettura privata;In marcia / fermata / arresto;Passeggero;M;Illeso;0;;Non accertato;
2969802;5;17/09/2016 15:45;Strada Urbana;VIA TIBURTINA;da specificare;;;;area sosta fronte civico 578;Scontro laterale fra veicoli in marcia;Rettilineo;Una carreggiata a senso unico di marcia;Asciutto;Asfaltata;Verticale ed orizzontale;Nuvoloso;Scarso;Buona;Ore Diurne;0;0;0;4;12,53958;41,90835;-1;2;Autovettura privata;In marcia / fermata / arresto;Conducente;F;Illeso;0;;Non accertato;
2969802;5;17/09/2016 15:45;Strada Urbana;VIA TIBURTINA;da specificare;;;;area sosta fronte civico 578;Scontro laterale fra veicoli in marcia;Rettilineo;Una carreggiata a senso unico di marcia;Asciutto;Asfaltata;Verticale ed orizzontale;Nuvoloso;Scarso;Buona;Ore Diurne;0;0;0;4;12,53958;41,90835;-1;2;Autovettura privata;In marcia / fermata / arresto;Passeggero;F;Illeso;0;;Non accertato;
2969806;18;17/09/2016 09:00;Strada Urbana;VIA GREGORIO VII;in prossimità;;del civico n.;396;;Veicolo in marcia contro veicoli in sosta;Rettilineo;Una carreggiata a senso unico di marcia;Asciutto;Asfaltata;Verticale ed orizzontale;Sereno;Scarso;Buona;Ore Diurne;0;0;0;1;12,43478;41,89352;-1;1;Autovettura privata;In marcia / fermata / arresto;Conducente;M;Illeso;0;;;
2969811;18;18/09/2016 21:30;Strada Urbana;VIA MONTE DEL MARMO;da specificare;;;;PROSS. SVINCOLO GRA (dir. FI);Tamponamento;Rotatoria;Una carreggiata a senso unico di marcia;Bagnato (pioggia);Asfaltata;Verticale ed orizzontale;Pioggia in atto;Scarso;Sufficiente;Insufficiente;0;0;0;2;12,38817;41,92883;-1;1;Autovettura privata;In marcia / fermata / arresto;Conducente;M;Illeso;0;;;
2969811;18;18/09/2016 21:30;Strada Urbana;VIA MONTE DEL MARMO;da specificare;;;;PROSS. SVINCOLO GRA (dir. FI);Tamponamento;Rotatoria;Una carreggiata a senso unico di marcia;Bagnato (pioggia);Asfaltata;Verticale ed orizzontale;Pioggia in atto;Scarso;Sufficiente;Insufficiente;0;0;0;2;12,38817;41,92883;-1;2;Autovettura privata;In marcia / fermata / arresto;Conducente;M;Illeso;0;;;
2969817;5;18/09/2016 11:15;Strada Urbana;VIA DI PORTONACCIO;in corrispondenza;;del civico n.;226;;Veicolo in marcia contro ostacolo accidentale;Rettilineo;Due carreggiate;Asciutto;Con buche;Orizzontale;Nuvoloso;Scarso;Buona;Ore Diurne;0;0;0;1;12,5386;41,89834;-1;1;Autovettura privata;In marcia / fermata / arresto;Conducente;M;Illeso;0;;Non accertato;
2969825;15;18/09/2016 19:20;Strada Urbana;VIA DELLA PISANA;da specificare;;;;all'intersezione con G.R.A.;Scontro frontale/laterale SX fra veicoli in marcia;Rettilineo;Una carreggiata a doppio senso;Bagnato (pioggia);Asfaltata;Verticale ed orizzontale;Pioggia in atto;Normale;Sufficiente;Sufficiente;2;0;0;2;12,3976;41,85753;-1;1;Autovettura privata;In marcia / fermata / arresto;Conducente;F;Illeso;0;;;
2969825;15;18/09/2016 19:20;Strada Urbana;VIA DELLA PISANA;da specificare;;;;all'intersezione con G.R.A.;Scontro frontale/laterale SX fra veicoli in marcia;Rettilineo;Una carreggiata a doppio senso;Bagnato (pioggia);Asfaltata;Verticale ed orizzontale;Pioggia in atto;Normale;Sufficiente;Sufficiente;2;0;0;2;12,3976;41,85753;-1;1;Autovettura privata;In marcia / fermata / arresto;Passeggero;F;Illeso;0;;;
2969825;15;18/09/2016 19:20;Strada Urbana;VIA DELLA PISANA;da specificare;;;;all'intersezione con G.R.A.;Scontro frontale/laterale SX fra veicoli in marcia;Rettilineo;Una carreggiata a doppio senso;Bagnato (pioggia);Asfaltata;Verticale ed orizzontale;Pioggia in atto;Normale;Sufficiente;Sufficiente;2;0;0;2;12,3976;41,85753;-1;2;Autovettura privata;In marcia / fermata / arresto;Conducente;M;Rimandato;0;NON DECEDUTO;;
2969825;15;18/09/2016 19:20;Strada Urbana;VIA DELLA PISANA;da specificare;;;;all'intersezione con G.R.A.;Scontro frontale/laterale SX fra veicoli in marcia;Rettilineo;Una carreggiata a doppio senso;Bagnato (pioggia);Asfaltata;Verticale ed orizzontale;Pioggia in atto;Normale;Sufficiente;Sufficiente;2;0;0;2;12,3976;41,85753;-1;2;Autovettura privata;In marcia / fermata / arresto;Passeggero;M;Rimandato;0;NON DECEDUTO;;
2969826;19;17/09/2016 09:45;Strada Urbana;VIA LA NEBBIA;in prossimità;;del civico n.;20;;Tamponamento;Rettilineo;Una carreggiata a senso unico di marcia;Bagnato (umidità in atto);Asfaltata;Verticale;Nuvoloso;Scarso;Buona;Ore Diurne;2;0;0;1;12,4254;41,92683;-1;1;Autovettura privata;In marcia / fermata / arresto;Conducente;M;Illeso;0;;;
2969826;19;17/09/2016 09:45;Strada Urbana;VIA LA NEBBIA;in prossimità;;del civico n.;20;;Tamponamento;Rettilineo;Una carreggiata a senso unico di marcia;Bagnato (umidità in atto);Asfaltata;Verticale;Nuvoloso;Scarso;Buona;Ore Diurne;2;0;0;1;12,4254;41,92683;-1;2;Motociclo a solo;In marcia / fermata / arresto;Conducente;M;Rifiuta cure immediate;0;NON DECEDUTO;;
2969826;19;17/09/2016 09:45;Strada Urbana;VIA LA NEBBIA;in prossimità;;del civico n.;20;;Tamponamento;Rettilineo;Una carreggiata a senso unico di marcia;Bagnato (umidità in atto);Asfaltata;Verticale;Nuvoloso;Scarso;Buona;Ore Diurne;2;0;0;1;12,4254;41,92683;-1;2;Motociclo a solo;In marcia / fermata / arresto;Passeggero;M;Rimandato;0;NON DECEDUTO;Non accertato;
2969832;1;18/09/2016 14:05;Strada Urbana;VIA TOMACELLI;all'intersezione con;LARGO DEGLI SCHIAVONI;LARGO DEGLI SCHIAVONI;;;Scontro laterale fra veicoli in marcia;Incrocio;Una carreggiata a doppio senso;Asciutto;Asfaltata;Verticale ed orizzontale;Sereno;Normale;Buona;Ore Diurne;0;0;0;2;12,47716;41,9048;-1;1;Autovettura pubblica;In marcia / fermata / arresto;Conducente;M;Illeso;0;;Non accertato;Inesploso
2969832;1;18/09/2016 14:05;Strada Urbana;VIA TOMACELLI;all'intersezione con;LARGO DEGLI SCHIAVONI;LARGO DEGLI SCHIAVONI;;;Scontro laterale fra veicoli in marcia;Incrocio;Una carreggiata a doppio senso;Asciutto;Asfaltata;Verticale ed orizzontale;Sereno;Normale;Buona;Ore Diurne;0;0;0;2;12,47716;41,9048;-1;2;Autovettura privata;In marcia / fermata / arresto;Conducente;M;Illeso;0;;Non accertato;Inesploso
2969845;16;15/09/2016 15:40;Strada Urbana;VIA DI BRAVETTA;in corrispondenza;;del civico n.;516;;Scontro frontale/laterale DX fra veicoli in marcia;Rettilineo;Una carreggiata a doppio senso;Asciutto;Asfaltata;Orizzontale;Nuvoloso;Normale;Buona;Ore Diurne;0;0;0;4;12,42291;41,87395;-1;1;Autovettura privata;In marcia / fermata / arresto;Conducente;F;Illeso;0;;Non accertato;Inesploso
2969845;16;15/09/2016 15:40;Strada Urbana;VIA DI BRAVETTA;in corrispondenza;;del civico n.;516;;Scontro frontale/laterale DX fra veicoli in marcia;Rettilineo;Una carreggiata a doppio senso;Asciutto;Asfaltata;Orizzontale;Nuvoloso;Normale;Buona;Ore Diurne;0;0;0;4;12,42291;41,87395;-1;1;Autovettura privata;In marcia / fermata / arresto;Passeggero;M;Illeso;0;;Non accertato;Inesploso
2969845;16;15/09/2016 15:40;Strada Urbana;VIA DI BRAVETTA;in corrispondenza;;del civico n.;516;;Scontro frontale/laterale DX fra veicoli in marcia;Rettilineo;Una carreggiata a doppio senso;Asciutto;Asfaltata;Orizzontale;Nuvoloso;Normale;Buona;Ore Diurne;0;0;0;4;12,42291;41,87395;-1;2;Autovettura privata;In marcia / fermata / arresto;Conducente;M;Illeso;0;;Non accertato;Inesploso
2969845;16;15/09/2016 15:40;Strada Urbana;VIA DI BRAVETTA;in corrispondenza;;del civico n.;516;;Scontro frontale/laterale DX fra veicoli in marcia;Rettilineo;Una carreggiata a doppio senso;Asciutto;Asfaltata;Orizzontale;Nuvoloso;Normale;Buona;Ore Diurne;0;0;0;4;12,42291;41,87395;-1;2;Autovettura privata;In marcia / fermata / arresto;Passeggero;M;Illeso;0;;Non accertato;Inesploso
2969848;9;19/09/2016 08:10;Strada Urbana;VIA SIRIA;in corrispondenza;;del civico n.;26;;Scontro laterale fra veicoli in marcia;Rettilineo;Una carreggiata a doppio senso;Bagnato (umidità in atto);Asfaltata;Verticale ed orizzontale;Sereno;Intenso;Buona;Ore Diurne;1;0;0;1;12,51119;41,8749;-1;1;Autocarro superiore 35 q.;In marcia / fermata / arresto;Conducente;M;Illeso;0;;Non accertato;Inesploso
2969848;9;19/09/2016 08:10;Strada Urbana;VIA SIRIA;in corrispondenza;;del civico n.;26;;Scontro laterale fra veicoli in marcia;Rettilineo;Una carreggiata a doppio senso;Bagnato (umidità in atto);Asfaltata;Verticale ed orizzontale;Sereno;Intenso;Buona;Ore Diurne;1;0;0;1;12,51119;41,8749;-1;2;Autovettura privata;In marcia / fermata / arresto;Conducente;M;Rimandato;0;NON DECEDUTO;Non accertato;Inesploso
2969852;12;16/09/2016 13:50;Strada Urbana;VIA DELLA CECCHIGNOLA;da specificare;;;;100 mt. prima sottovia G.R.A. dir. v. C. di Leva;Scontro frontale/laterale SX fra veicoli in marcia;Curva a visuale libera;Una carreggiata a doppio senso;Bagnato (pioggia);Asfaltata;Verticale ed orizzontale;Pioggia in atto;Normale;Buona;Ore Diurne;3;0;0;0;12,5033;41,79628;-1;1;Autovettura privata;In marcia / fermata / arresto;Conducente;M;Rimandato;0;NON DECEDUTO;Utilizzato;Inesploso
2969852;12;16/09/2016 13:50;Strada Urbana;VIA DELLA CECCHIGNOLA;da specificare;;;;100 mt. prima sottovia G.R.A. dir. v. C. di Leva;Scontro frontale/laterale SX fra veicoli in marcia;Curva a visuale libera;Una carreggiata a doppio senso;Bagnato (pioggia);Asfaltata;Verticale ed orizzontale;Pioggia in atto;Normale;Buona;Ore Diurne;3;0;0;0;12,5033;41,79628;-1;1;Autovettura privata;In marcia / fermata / arresto;Passeggero;F;Rimandato;0;NON DECEDUTO;Utilizzato;Inesploso
2969852;12;16/09/2016 13:50;Strada Urbana;VIA DELLA CECCHIGNOLA;da specificare;;;;100 mt. prima sottovia G.R.A. dir. v. C. di Leva;Scontro frontale/laterale SX fra veicoli in marcia;Curva a visuale libera;Una carreggiata a doppio senso;Bagnato (pioggia);Asfaltata;Verticale ed orizzontale;Pioggia in atto;Normale;Buona;Ore Diurne;3;0;0;0;12,5033;41,79628;-1;2;Autovettura privata;In marcia / fermata / arresto;Conducente;F;Rimandato;0;NON DECEDUTO;Utilizzato;Inesploso
2969853;1;18/09/2016 19:40;Strada Urbana;VIA LUIGI PETROSELLI;in prossimità;;del palo luce n.;7;;Investimento di pedone;Rettilineo;Una carreggiata a doppio senso;Bagnato (pioggia);In cubetti di porfido;Verticale ed orizzontale;Pioggia in atto;Scarso;Insufficiente;Insufficiente;3;0;0;0;12,4808;41,8904;-1;;;;Pedone;F;Rimandato;0;NON DECEDUTO;;
2969853;1;18/09/2016 19:40;Strada Urbana;VIA LUIGI PETROSELLI;in prossimità;;del palo luce n.;7;;Investimento di pedone;Rettilineo;Una carreggiata a doppio senso;Bagnato (pioggia);In cubetti di porfido;Verticale ed orizzontale;Pioggia in atto;Scarso;Insufficiente;Insufficiente;3;0;0;0;12,4808;41,8904;-1;;;;Pedone;M;Ricoverato;0;NON DECEDUTO;;
2969853;1;18/09/2016 19:40;Strada Urbana;VIA LUIGI PETROSELLI;in prossimità;;del palo luce n.;7;;Investimento di pedone;Rettilineo;Una carreggiata a doppio senso;Bagnato (pioggia);In cubetti di porfido;Verticale ed orizzontale;Pioggia in atto;Scarso;Insufficiente;Insufficiente;3;0;0;0;12,4808;41,8904;-1;1;Motociclo a solo;In marcia / fermata / arresto;Conducente;M;Rimandato;0;NON DECEDUTO;;
2969856;2;17/09/2016 10:45;Strada Urbana;VIALE SOMALIA;in prossimità;;del civico n.;264;;Scontro laterale fra veicoli in marcia;Rettilineo;Una carreggiata a doppio senso;Asciutto;Asfaltata;Verticale ed orizzontale;Sereno;Normale;Buona;Ore Diurne;0;0;0;2;12,5206;41,93341;-1;1;Motociclo a solo;In marcia / fermata / arresto;Conducente;M;Illeso;0;;Non accertato;
2969856;2;17/09/2016 10:45;Strada Urbana;VIALE SOMALIA;in prossimità;;del civico n.;264;;Scontro laterale fra veicoli in marcia;Rettilineo;Una carreggiata a doppio senso;Asciutto;Asfaltata;Verticale ed orizzontale;Sereno;Normale;Buona;Ore Diurne;0;0;0;2;12,5206;41,93341;-1;2;Autocarro inferiore 35 q.;In marcia / fermata / arresto;Conducente;M;Illeso;0;;Non accertato;Inesploso
2969857;2;17/09/2016 23:50;Strada Urbana;VIA MESSINA;in corrispondenza;;del civico n.;19/21;;Scontro frontale/laterale SX fra veicoli in marcia;Rettilineo;Una carreggiata a senso unico di marcia;Asciutto;Asfaltata;Verticale ed orizzontale;Sereno;Scarso;Buona;Sufficiente;0;0;0;4;12,50278;41,91115;-1;1;Autovettura privata;In marcia / fermata / arresto;Conducente;M;Illeso;0;;;
2969857;2;17/09/2016 23:50;Strada Urbana;VIA MESSINA;in corrispondenza;;del civico n.;19/21;;Scontro frontale/laterale SX fra veicoli in marcia;Rettilineo;Una carreggiata a senso unico di marcia;Asciutto;Asfaltata;Verticale ed orizzontale;Sereno;Scarso;Buona;Sufficiente;0;0;0;4;12,50278;41,91115;-1;1;Autovettura privata;In marcia / fermata / arresto;Passeggero;F;Illeso;0;;;
2969857;2;17/09/2016 23:50;Strada Urbana;VIA MESSINA;in corrispondenza;;del civico n.;19/21;;Scontro frontale/laterale SX fra veicoli in marcia;Rettilineo;Una carreggiata a senso unico di marcia;Asciutto;Asfaltata;Verticale ed orizzontale;Sereno;Scarso;Buona;Sufficiente;0;0;0;4;12,50278;41,91115;-1;2;Autovettura privata;In marcia / fermata / arresto;Conducente;M;Illeso;0;;;
2969857;2;17/09/2016 23:50;Strada Urbana;VIA MESSINA;in corrispondenza;;del civico n.;19/21;;Scontro frontale/laterale SX fra veicoli in marcia;Rettilineo;Una carreggiata a senso unico di marcia;Asciutto;Asfaltata;Verticale ed orizzontale;Sereno;Scarso;Buona;Sufficiente;0;0;0;4;12,50278;41,91115;-1;2;Autovettura privata;In marcia / fermata / arresto;Passeggero;M;Illeso;0;;;
2969859;19;18/09/2016 16:45;Strada Urbana;VIA PIEVE DI CADORE;da specificare;;;;prossimità ingresso Galleria;Scontro laterale fra veicoli in marcia;Rettilineo;Una carreggiata a doppio senso;Asciutto;Asfaltata;Orizzontale;Sereno;Scarso;Buona;Ore Diurne;0;0;0;4;12,43805;41,93967;-1;1;Autovettura privata;In marcia / fermata / arresto;Conducente;M;Illeso;0;;;
2969859;19;18/09/2016 16:45;Strada Urbana;VIA PIEVE DI CADORE;da specificare;;;;prossimità ingresso Galleria;Scontro laterale fra veicoli in marcia;Rettilineo;Una carreggiata a doppio senso;Asciutto;Asfaltata;Orizzontale;Sereno;Scarso;Buona;Ore Diurne;0;0;0;4;12,43805;41,93967;-1;1;Autovettura privata;In marcia / fermata / arresto;Passeggero;M;Illeso;0;;;
2969859;19;18/09/2016 16:45;Strada Urbana;VIA PIEVE DI CADORE;da specificare;;;;prossimità ingresso Galleria;Scontro laterale fra veicoli in marcia;Rettilineo;Una carreggiata a doppio senso;Asciutto;Asfaltata;Orizzontale;Sereno;Scarso;Buona;Ore Diurne;0;0;0;4;12,43805;41,93967;-1;2;Autovettura privata;In marcia / fermata / arresto;Conducente;F;Illeso;0;;;
2969859;19;18/09/2016 16:45;Strada Urbana;VIA PIEVE DI CADORE;da specificare;;;;prossimità ingresso Galleria;Scontro laterale fra veicoli in marcia;Rettilineo;Una carreggiata a doppio senso;Asciutto;Asfaltata;Orizzontale;Sereno;Scarso;Buona;Ore Diurne;0;0;0;4;12,43805;41,93967;-1;2;Autovettura privata;In marcia / fermata / arresto;Passeggero;M;Illeso;0;;;
2969864;23;16/09/2016 21:00;Comunale extraurbana;VIA CRISTOFORO COLOMBO;all'intersezione semaforizzata con;VIALE DELLA VILLA DI PLINIO;VIALE DELLA VILLA DI PLINIO;;;Scontro frontale/laterale DX fra veicoli in marcia;Intersezione semaforizzata;Più di due carreggiate;Bagnato (pioggia);Asfaltata;Verticale ed orizzontale;Pioggia in atto;Scarso;Insufficiente;Inesistente;1;0;0;3;12,32804;41,72288;-1;1;Autovettura di soccorso;In marcia / fermata / arresto;Conducente;M;Illeso;0;;Non accertato;Inesploso
2969864;23;16/09/2016 21:00;Comunale extraurbana;VIA CRISTOFORO COLOMBO;all'intersezione semaforizzata con;VIALE DELLA VILLA DI PLINIO;VIALE DELLA VILLA DI PLINIO;;;Scontro frontale/laterale DX fra veicoli in marcia;Intersezione semaforizzata;Più di due carreggiate;Bagnato (pioggia);Asfaltata;Verticale ed orizzontale;Pioggia in atto;Scarso;Insufficiente;Inesistente;1;0;0;3;12,32804;41,72288;-1;1;Autovettura di soccorso;In marcia / fermata / arresto;Passeggero;M;Illeso;0;;Non accertato;Inesploso
2969864;23;16/09/2016 21:00;Comunale extraurbana;VIA CRISTOFORO COLOMBO;all'intersezione semaforizzata con;VIALE DELLA VILLA DI PLINIO;VIALE DELLA VILLA DI PLINIO;;;Scontro frontale/laterale DX fra veicoli in marcia;Intersezione semaforizzata;Più di due carreggiate;Bagnato (pioggia);Asfaltata;Verticale ed orizzontale;Pioggia in atto;Scarso;Insufficiente;Inesistente;1;0;0;3;12,32804;41,72288;-1;1;Autovettura di soccorso;In marcia / fermata / arresto;Passeggero;M;Rifiuta cure immediate;0;NON DECEDUTO;Non accertato;Inesploso
2969864;23;16/09/2016 21:00;Comunale extraurbana;VIA CRISTOFORO COLOMBO;all'intersezione semaforizzata con;VIALE DELLA VILLA DI PLINIO;VIALE DELLA VILLA DI PLINIO;;;Scontro frontale/laterale DX fra veicoli in marcia;Intersezione semaforizzata;Più di due carreggiate;Bagnato (pioggia);Asfaltata;Verticale ed orizzontale;Pioggia in atto;Scarso;Insufficiente;Inesistente;1;0;0;3;12,32804;41,72288;-1;2;Autobus di linea;In marcia / fermata / arresto;Conducente;M;Illeso;0;;Non accertato;Inesploso
2969870;4;17/09/2016 13:10;Strada Urbana;VIA GIOVANNI CONTI;in prossimità;;del civico n.;55;;Veicolo in marcia contro ostacolo accidentale;Rettilineo;Due carreggiate;Asciutto;Asfaltata;Verticale;Sereno;Normale;Buona;Ore Diurne;1;0;0;0;12,52869;41,9521;-1;1;Motociclo a solo;In marcia / fermata / arresto;Conducente;M;Rifiuta cure immediate;0;NON DECEDUTO;Non accertato;
2969872;4;17/09/2016 10:50;Strada Urbana;VIA UGO DELLA SETA;in prossimità;;del civico n.;5;;Veicolo in marcia contro veicolo fermo;Rettilineo;Due carreggiate;Asciutto;Asfaltata;Verticale ed orizzontale;Sereno;Normale;Buona;Ore Diurne;1;0;0;1;12,52477;41,95965;-1;1;Autovettura privata;In marcia / fermata / arresto;Conducente;F;Illeso;0;;;
2969872;4;17/09/2016 10:50;Strada Urbana;VIA UGO DELLA SETA;in prossimità;;del civico n.;5;;Veicolo in marcia contro veicolo fermo;Rettilineo;Due carreggiate;Asciutto;Asfaltata;Verticale ed orizzontale;Sereno;Normale;Buona;Ore Diurne;1;0;0;1;12,52477;41,95965;-1;2;Velocipede;In marcia / fermata / arresto;Conducente;F;Rifiuta cure immediate;0;NON DECEDUTO;Esente;
2969874;2;17/09/2016 11:45;Strada Urbana;VIA SALARIA;da specificare;;;;altezza ponte tangenziale direzione fuori Roma;Ribaltamento senza urto contro ostacolo fisso;Rettilineo;Due carreggiate;Asciutto;Asfaltata;Orizzontale;Sereno;Scarso;Buona;Ore Diurne;1;0;0;0;12,50624;41,96289;-1;1;Velocipede;In marcia / fermata / arresto;Conducente;M;Rifiuta cure immediate;0;NON DECEDUTO;Esente;
2969877;16;16/09/2016 10:15;Strada Urbana;VIA S. GIOVANNI EUDES;da specificare;;;;in corrispondenza del fronte palo ACEA n. 10;Scontro frontale/laterale SX fra veicoli in marcia;Curva senza visuale libera;Una carreggiata a doppio senso;Bagnato (pioggia);Asfaltata;Verticale ed orizzontale;Pioggia in atto;Normale;Buona;Ore Diurne;0;0;0;2;12,40937;41,87452;-1;1;Autocarro inferiore 35 q.;In marcia / fermata / arresto;Conducente;M;Illeso;0;;Non accertato;
2969877;16;16/09/2016 10:15;Strada Urbana;VIA S. GIOVANNI EUDES;da specificare;;;;in corrispondenza del fronte palo ACEA n. 10;Scontro frontale/laterale SX fra veicoli in marcia;Curva senza visuale libera;Una carreggiata a doppio senso;Bagnato (pioggia);Asfaltata;Verticale ed orizzontale;Pioggia in atto;Normale;Buona;Ore Diurne;0;0;0;2;12,40937;41,87452;-1;2;Autovettura privata;In marcia / fermata / arresto;Conducente;F;Illeso;0;;Non accertato;
2969884;13;17/09/2016 09:30;Strada Urbana;VIA DI ACILIA;da specificare;;;;altezza via Pratina;Veicolo in marcia contro ostacolo accidentale;Rettilineo;Una carreggiata a doppio senso;Asciutto;Asfaltata;Orizzontale;Sereno;Normale;Buona;Ore Diurne;0;0;0;1;12,37142;41,7737;-1;1;Autovettura privata;In marcia / fermata / arresto;Conducente;M;Illeso;0;;Utilizzato;Inesploso
2969885;23;17/09/2016 10:30;Strada Urbana;PIAZZALE CRISTOFORO COLOMBO;da specificare;;;;circolazione rotatoria;Scontro frontale/laterale DX fra veicoli in marcia;Rotatoria;Una carreggiata a senso unico di marcia;Asciutto;Asfaltata;Orizzontale;Sereno;Normale;Buona;Ore Diurne;1;0;0;2;12,31747;41,71489;-1;1;Velocipede;In marcia / fermata / arresto;Conducente;M;Rimandato;0;NON DECEDUTO;Esente;
2969885;23;17/09/2016 10:30;Strada Urbana;PIAZZALE CRISTOFORO COLOMBO;da specificare;;;;circolazione rotatoria;Scontro frontale/laterale DX fra veicoli in marcia;Rotatoria;Una carreggiata a senso unico di marcia;Asciutto;Asfaltata;Orizzontale;Sereno;Normale;Buona;Ore Diurne;1;0;0;2;12,31747;41,71489;-1;2;Autovettura privata;In marcia / fermata / arresto;Conducente;F;Illeso;0;;Non accertato;Inesploso
2969885;23;17/09/2016 10:30;Strada Urbana;PIAZZALE CRISTOFORO COLOMBO;da specificare;;;;circolazione rotatoria;Scontro frontale/laterale DX fra veicoli in marcia;Rotatoria;Una carreggiata a senso unico di marcia;Asciutto;Asfaltata;Orizzontale;Sereno;Normale;Buona;Ore Diurne;1;0;0;2;12,31747;41,71489;-1;2;Autovettura privata;In marcia / fermata / arresto;Passeggero;F;Illeso;0;;Non accertato;Inesploso
2969892;12;16/09/2016 10:30;Strada Urbana;VIA OSTIENSE;in prossimità;;del civico n.;260;;Scontro laterale fra veicoli in marcia;Rettilineo;Una carreggiata a doppio senso;Bagnato (umidità in atto);Asfaltata;Verticale ed orizzontale;Nuvoloso;Intenso;Buona;Ore Diurne;1;0;0;1;12,47628;41,85164;-1;1;Autovettura privata;In marcia / fermata / arresto;Conducente;M;Illeso;0;;Utilizzato;Inesploso
2969892;12;16/09/2016 10:30;Strada Urbana;VIA OSTIENSE;in prossimità;;del civico n.;260;;Scontro laterale fra veicoli in marcia;Rettilineo;Una carreggiata a doppio senso;Bagnato (umidità in atto);Asfaltata;Verticale ed orizzontale;Nuvoloso;Intenso;Buona;Ore Diurne;1;0;0;1;12,47628;41,85164;-1;2;Motociclo a solo;In marcia / fermata / arresto;Conducente;M;Rimandato;0;NON DECEDUTO;Utilizzato;
2969898;8;18/09/2016 19:20;Strada Urbana;VIA DI PASSOLOMBARDO;in corrispondenza;;del palo luce n.;16;;Veicolo in marcia contro ostacolo accidentale;Rettilineo;Una carreggiata a doppio senso;Bagnato (pioggia);Con buche;Assente;Pioggia in atto;Normale;Sufficiente;Sufficiente;0;0;0;2;12,62996;41,84402;-1;1;Autovettura privata;In marcia / fermata / arresto;Conducente;M;Illeso;0;;Non accertato;Inesploso
2969898;8;18/09/2016 19:20;Strada Urbana;VIA DI PASSOLOMBARDO;in corrispondenza;;del palo luce n.;16;;Veicolo in marcia contro ostacolo accidentale;Rettilineo;Una carreggiata a doppio senso;Bagnato (pioggia);Con buche;Assente;Pioggia in atto;Normale;Sufficiente;Sufficiente;0;0;0;2;12,62996;41,84402;-1;1;Autovettura privata;In marcia / fermata / arresto;Passeggero;F;Illeso;0;;Non accertato;Inesploso
2969900;23;17/09/2016 16:45;Strada Urbana;PIAZZALE CRISTOFORO COLOMBO;all'intersezione con;LUNGOMARE AMERIGO VESPUCCI;LUNGOMARE AMERIGO VESPUCCI;;;Scontro frontale/laterale SX fra veicoli in marcia;Incrocio;Due carreggiate;Asciutto;Asfaltata;Verticale ed orizzontale;Nuvoloso;Normale;Buona;Ore Diurne;1;0;0;2;12,32218;41,719;-1;1;Autovettura privata;In marcia / fermata / arresto;Conducente;F;Rifiuta cure immediate;0;NON DECEDUTO;Non accertato;Inesploso
2969900;23;17/09/2016 16:45;Strada Urbana;PIAZZALE CRISTOFORO COLOMBO;all'intersezione con;LUNGOMARE AMERIGO VESPUCCI;LUNGOMARE AMERIGO VESPUCCI;;;Scontro frontale/laterale SX fra veicoli in marcia;Incrocio;Due carreggiate;Asciutto;Asfaltata;Verticale ed orizzontale;Nuvoloso;Normale;Buona;Ore Diurne;1;0;0;2;12,32218;41,719;-1;1;Autovettura privata;In marcia / fermata / arresto;Passeggero;F;Illeso;0;;Utilizzato;Inesploso