Protocollo;Gruppo;DataOraIncidente;Localizzazione1;STRADA1;Localizzazione2;STRADA2;Strada02;Chilometrica;DaSpecificare;NaturaIncidente;particolaritastrade;TipoStrada;FondoStradale;Pavimentazione;Segnaletica;CondizioneAtmosferica;Traffico;Visibilita;Illuminazione;NUM_FERITI;NUM_RISERVATA;NUM_MORTI;NUM_ILLESI;Longitudine;Latitudine;Confermato;Progressivo;TipoVeicolo;StatoVeicolo;TipoPersona;Sesso;Tipolesione;Deceduto;DecedutoDopo;CinturaCascoUtilizzato;Airbag
2970157;12;17/09/2016 03:20;Strada Urbana;VIA LEONARDO UMILE;in prossimità;;del civico n.;32;;Veicolo in marcia contro veicoli in sosta;Rettilineo;Una carreggiata a doppio senso;Bagnato (pioggia);Asfaltata;Verticale ed orizzontale;Nuvoloso;Scarso;Buona;Sufficiente;0;0;0;2;12,44573;41,80665;-1;1;Autovettura privata;In marcia / fermata / arresto;Conducente;M;Illeso;0;;Utilizzato;Inesploso
2970157;12;17/09/2016 03:20;Strada Urbana;VIA LEONARDO UMILE;in prossimità;;del civico n.;32;;Veicolo in marcia contro veicoli in sosta;Rettilineo;Una carreggiata a doppio senso;Bagnato (pioggia);Asfaltata;Verticale ed orizzontale;Nuvoloso;Scarso;Buona;Sufficiente;0;0;0;2;12,44573;41,80665;-1;1;Autovettura privata;In marcia / fermata / arresto;Passeggero;M;Illeso;0;;Utilizzato;Inesploso
2970159;17;16/09/2016 11:45;Strada Urbana;VIA ANGELO BROFFERIO;all'intersezione con;VIALE DELLE MILIZIE;VIALE DELLE MILIZIE;;;Veicolo in marcia contro veicolo in sosta;Intersezione semaforizzata;Una carreggiata a doppio senso;Bagnato (pioggia);Asfaltata;Verticale ed orizzontale;Pioggia in atto;Normale;Buona;Ore Diurne;0;0;0;2;12,46308;41,91256;-1;1;Autovettura privata;In marcia / fermata / arresto;Conducente;F;Illeso;0;;Non accertato;Inesploso
2970159;17;16/09/2016 11:45;Strada Urbana;VIA ANGELO BROFFERIO;all'intersezione con;VIALE DELLE MILIZIE;VIALE DELLE MILIZIE;;;Veicolo in marcia contro veicolo in sosta;Intersezione semaforizzata;Una carreggiata a doppio senso;Bagnato (pioggia);Asfaltata;Verticale ed orizzontale;Pioggia in atto;Normale;Buona;Ore Diurne;0;0;0;2;12,46308;41,91256;-1;1;Autovettura privata;In marcia / fermata / arresto;Passeggero;F;Illeso;0;;Non accertato;Inesploso
2970203;7;19/09/2016 10:30;Strada Urbana;VIALE PALMIRO TOGLIATTI;in prossimità;;del civico n.;945;;Veicolo in marcia contro veicolo in sosta;Rettilineo;Due carreggiate;Bagnato (pioggia);Asfaltata;Orizzontale;Nuvoloso;Normale;Buona;Ore Diurne;0;0;0;1;12,57426;41,89254;-1;1;Autovettura privata;In marcia / fermata / arresto;Conducente;F;Illeso;0;;Non accertato;Inesploso
2970210;5;18/09/2016 07:50;Altra strada;NUOVA CIRCONVALLAZIONE INTERNA;da specificare;;;;DIR. NOMENTANA CIRCA 120 MT PRIMA DELLA GALLERIA;Veicolo in marcia contro ostacolo fisso;Curva a visuale libera;Due carreggiate;Bagnato (pioggia);Asfaltata;Verticale ed orizzontale;Nuvoloso;Normale;Buona;Ore Diurne;1;0;0;0;12,53405;41,9076;-1;1;Autovettura privata;In marcia / fermata / arresto;Conducente;F;Rimandato;0;NON DECEDUTO;Non accertato;
2970224;5;18/09/2016 09:10;Strada Urbana;NUOVA CIRCONVALLAZIONE INTERNA;da specificare;;;;DIR. NOMENTANA CIRCA 120 MT PRIMA DELLA GALLERIA;Veicolo in marcia contro veicolo fermo;Rettilineo;Due carreggiate;Bagnato (pioggia);Asfaltata;Verticale ed orizzontale;Nuvoloso;Normale;Buona;Ore Diurne;0;0;0;2;12,53413;41,90632;-1;1;Autovettura privata;In marcia / fermata / arresto;Conducente;M;Illeso;0;;Non accertato;
2970224;5;18/09/2016 09:10;Strada Urbana;NUOVA CIRCONVALLAZIONE INTERNA;da specificare;;;;DIR. NOMENTANA CIRCA 120 MT PRIMA DELLA GALLERIA;Veicolo in marcia contro veicolo fermo;Rettilineo;Due carreggiate;Bagnato (pioggia);Asfaltata;Verticale ed orizzontale;Nuvoloso;Normale;Buona;Ore Diurne;0;0;0;2;12,53413;41,90632;-1;2;Autovettura privata;In marcia / fermata / arresto;Conducente;F;Illeso;0;;Non accertato;
2970227;8;18/09/2016 22:39;Strada Urbana;VIA DI LUNGHEZZINA;da specificare;;;;ca 200 m dopo Via Polense dir. Via Lunghezza;Veicolo in marcia contro ostacolo accidentale;Curva senza visuale libera;Una carreggiata a doppio senso;Bagnato (pioggia);Asfaltata;Assente;Pioggia in atto;Normale;Insufficiente;Inesistente;0;0;0;1;12,67819;41,92641;-1;1;Autovettura privata;In marcia / fermata / arresto;Conducente;M;Illeso;0;;Non accertato;Inesploso
2970230;5;18/09/2016 07:50;Strada Urbana;NUOVA CIRCONVALLAZIONE INTERNA;da specificare;;;;DIR. NOMENTANA CIRCA 120 MT PRIMA DELLA GALLERIA;Veicolo in marcia contro veicolo fermo;Rettilineo;Due carreggiate;Bagnato (pioggia);Asfaltata;Verticale ed orizzontale;Nuvoloso;Normale;Buona;Ore Diurne;2;0;0;1;12,53336;41,90536;-1;1;Autovettura privata;In marcia / fermata / arresto;Conducente;M;Rimandato;0;NON DECEDUTO;Non accertato;
2970230;5;18/09/2016 07:50;Strada Urbana;NUOVA CIRCONVALLAZIONE INTERNA;da specificare;;;;DIR. NOMENTANA CIRCA 120 MT PRIMA DELLA GALLERIA;Veicolo in marcia contro veicolo fermo;Rettilineo;Due carreggiate;Bagnato (pioggia);Asfaltata;Verticale ed orizzontale;Nuvoloso;Normale;Buona;Ore Diurne;2;0;0;1;12,53336;41,90536;-1;1;Autovettura privata;In marcia / fermata / arresto;Passeggero;F;Rimandato;0;NON DECEDUTO;Non accertato;
2970230;5;18/09/2016 07:50;Strada Urbana;NUOVA CIRCONVALLAZIONE INTERNA;da specificare;;;;DIR. NOMENTANA CIRCA 120 MT PRIMA DELLA GALLERIA;Veicolo in marcia contro veicolo fermo;Rettilineo;Due carreggiate;Bagnato (pioggia);Asfaltata;Verticale ed orizzontale;Nuvoloso;Normale;Buona;Ore Diurne;2;0;0;1;12,53336;41,90536;-1;2;Autocarro inferiore 35 q.;In marcia / fermata / arresto;Conducente;M;Illeso;0;;Non accertato;
2970234;7;16/09/2016 21:00;Strada Urbana;VIA TUSCOLANA;in corrispondenza;;del civico n.;974;;Veicolo in marcia contro veicolo arresto;Rettilineo;Una carreggiata a senso unico di marcia;Bagnato (pioggia);Asfaltata;Verticale ed orizzontale;Nuvoloso;Scarso;Buona;Sufficiente;1;0;0;4;12,55345;41,86148;-1;1;Autovettura privata;In marcia / fermata / arresto;Conducente;M;Illeso;0;;Non accertato;Inesploso
2970234;7;16/09/2016 21:00;Strada Urbana;VIA TUSCOLANA;in corrispondenza;;del civico n.;974;;Veicolo in marcia contro veicolo arresto;Rettilineo;Una carreggiata a senso unico di marcia;Bagnato (pioggia);Asfaltata;Verticale ed orizzontale;Nuvoloso;Scarso;Buona;Sufficiente;1;0;0;4;12,55345;41,86148;-1;1;Autovettura privata;In marcia / fermata / arresto;Passeggero;F;Illeso;0;;Non accertato;Inesploso
2970234;7;16/09/2016 21:00;Strada Urbana;VIA TUSCOLANA;in corrispondenza;;del civico n.;974;;Veicolo in marcia contro veicolo arresto;Rettilineo;Una carreggiata a senso unico di marcia;Bagnato (pioggia);Asfaltata;Verticale ed orizzontale;Nuvoloso;Scarso;Buona;Sufficiente;1;0;0;4;12,55345;41,86148;-1;1;Autovettura privata;In marcia / fermata / arresto;Passeggero;M;Illeso;0;;Non accertato;Inesploso
2970234;7;16/09/2016 21:00;Strada Urbana;VIA TUSCOLANA;in corrispondenza;;del civico n.;974;;Veicolo in marcia contro veicolo arresto;Rettilineo;Una carreggiata a senso unico di marcia;Bagnato (pioggia);Asfaltata;Verticale ed orizzontale;Nuvoloso;Scarso;Buona;Sufficiente;1;0;0;4;12,55345;41,86148;-1;1;Autovettura privata;In marcia / fermata / arresto;Passeggero;F;Illeso;0;;Non accertato;Inesploso
2970234;7;16/09/2016 21:00;Strada Urbana;VIA TUSCOLANA;in corrispondenza;;del civico n.;974;;Veicolo in marcia contro veicolo arresto;Rettilineo;Una carreggiata a senso unico di marcia;Bagnato (pioggia);Asfaltata;Verticale ed orizzontale;Nuvoloso;Scarso;Buona;Sufficiente;1;0;0;4;12,55345;41,86148;-1;2;Autovettura privata;In marcia / fermata / arresto;Conducente;F;Rimandato;0;NON DECEDUTO;Non accertato;Inesploso
2970265;1;18/09/2016 14:45;Strada Urbana;VIA GAETA;da specificare;;;;FRONTE CIVICO 44B;Veicolo in marcia contro veicolo in sosta;Rettilineo;Una carreggiata a senso unico di marcia;Asciutto;Asfaltata;Verticale ed orizzontale;Nuvoloso;Normale;Buona;Ore Diurne;0;0;0;2;12,50174;41,90539;-1;2;Autovettura privata;In marcia / fermata / arresto;Conducente;M;Illeso;0;;Non accertato;Inesploso
2970265;1;18/09/2016 14:45;Strada Urbana;VIA GAETA;da specificare;;;;FRONTE CIVICO 44B;Veicolo in marcia contro veicolo in sosta;Rettilineo;Una carreggiata a senso unico di marcia;Asciutto;Asfaltata;Verticale ed orizzontale;Nuvoloso;Normale;Buona;Ore Diurne;0;0;0;2;12,50174;41,90539;-1;2;Autovettura privata;In marcia / fermata / arresto;Passeggero;F;Illeso;0;;Non accertato;Inesploso
2970274;4;18/09/2016 23:50;Strada Urbana;VIALE DEL MURO TORTO;da specificare;;;;sottopasso alt. uscita Villa Borghese/via Veneto;Veicolo in marcia contro ostacolo accidentale;Rettilineo;Una carreggiata a senso unico di marcia;Bagnato (pioggia);Asfaltata;Verticale ed orizzontale;Nuvoloso;Normale;Buona;Sufficiente;0;0;0;1;12,48778;41,90956;-1;1;Autovettura pubblica;In marcia / fermata / arresto;Conducente;M;Illeso;0;;Non accertato;
2970276;2;19/09/2016 09:00;Strada Urbana;VIA FRANCESCO SIACCI;in corrispondenza;;del civico n.;FR 7;;Investimento di pedone;Rettilineo;Una carreggiata a doppio senso;Asciutto;Asfaltata;Verticale ed orizzontale;Sereno;Normale;Buona;Ore Diurne;1;0;0;1;12,48906;41,92219;-1;;;;Pedone;F;Rimandato;0;NON DECEDUTO;;
2970276;2;19/09/2016 09:00;Strada Urbana;VIA FRANCESCO SIACCI;in corrispondenza;;del civico n.;FR 7;;Investimento di pedone;Rettilineo;Una carreggiata a doppio senso;Asciutto;Asfaltata;Verticale ed orizzontale;Sereno;Normale;Buona;Ore Diurne;1;0;0;1;12,48906;41,92219;-1;1;Motociclo a solo;In marcia / fermata / arresto;Conducente;F;Illeso;0;;;
2970294;13;18/09/2016 15:45;Strada Urbana;LUNGOMARE LUTAZIO CATULO;da specificare;;;;tra p.le dell'Aquilone e p.le Mediterraneo;Veicolo in marcia contro ostacolo accidentale;Rettilineo;Due carreggiate;Asciutto;Asfaltata;Verticale ed orizzontale;Nuvoloso;Normale;Buona;Ore Diurne;0;0;0;3;12,3129;41,71639;-1;1;Autovettura privata;In marcia / fermata / arresto;Conducente;F;Illeso;0;;Non accertato;Inesploso
2970294;13;18/09/2016 15:45;Strada Urbana;LUNGOMARE LUTAZIO CATULO;da specificare;;;;tra p.le dell'Aquilone e p.le Mediterraneo;Veicolo in marcia contro ostacolo accidentale;Rettilineo;Due carreggiate;Asciutto;Asfaltata;Verticale ed orizzontale;Nuvoloso;Normale;Buona;Ore Diurne;0;0;0;3;12,3129;41,71639;-1;1;Autovettura privata;In marcia / fermata / arresto;Passeggero;M;Illeso;0;;Non accertato;Inesploso
2970294;13;18/09/2016 15:45;Strada Urbana;LUNGOMARE LUTAZIO CATULO;da specificare;;;;tra p.le dell'Aquilone e p.le Mediterraneo;Veicolo in marcia contro ostacolo accidentale;Rettilineo;Due carreggiate;Asciutto;Asfaltata;Verticale ed orizzontale;Nuvoloso;Normale;Buona;Ore Diurne;0;0;0;3;12,3129;41,71639;-1;1;Autovettura privata;In marcia / fermata / arresto;Passeggero;M;Illeso;0;;Non accertato;Inesploso
2970297;13;18/09/2016 20:30;Strada Urbana;LARGO GIOVANNI RONCAGLI;all'intersezione con;VIA CAPO SPARTIVENTO;VIA CAPO SPARTIVENTO;;;Scontro frontale/laterale DX fra veicoli in marcia;Intersezione stradale segnalata;Una carreggiata a doppio senso;Bagnato (pioggia);Asfaltata;Verticale ed orizzontale;Sereno;Normale;Buona;Insufficiente;0;0;0;3;12,28551;41,73674;-1;1;Autovettura privata;In marcia / fermata / arresto;Conducente;M;Illeso;0;;Non utilizzato;Inesploso
2970297;13;18/09/2016 20:30;Strada Urbana;LARGO GIOVANNI RONCAGLI;all'intersezione con;VIA CAPO SPARTIVENTO;VIA CAPO SPARTIVENTO;;;Scontro frontale/laterale DX fra veicoli in marcia;Intersezione stradale segnalata;Una carreggiata a doppio senso;Bagnato (pioggia);Asfaltata;Verticale ed orizzontale;Sereno;Normale;Buona;Insufficiente;0;0;0;3;12,28551;41,73674;-1;2;Autovettura privata;In marcia / fermata / arresto;Conducente;M;Illeso;0;;Non accertato;Inesploso
2970297;13;18/09/2016 20:30;Strada Urbana;LARGO GIOVANNI RONCAGLI;all'intersezione con;VIA CAPO SPARTIVENTO;VIA CAPO SPARTIVENTO;;;Scontro frontale/laterale DX fra veicoli in marcia;Intersezione stradale segnalata;Una carreggiata a doppio senso;Bagnato (pioggia);Asfaltata;Verticale ed orizzontale;Sereno;Normale;Buona;Insufficiente;0;0;0;3;12,28551;41,73674;-1;2;Autovettura privata;In marcia / fermata / arresto;Passeggero;F;Illeso;0;;Non accertato;Inesploso
2970314;4;18/09/2016 20:00;Strada Urbana;VIA ANTONIO SILVANI;da specificare;;;;in Via Prossimità di Via dei Prati Fiscali;Infortunio per sola frenata improvvisa;Rettilineo;Una carreggiata a doppio senso;Bagnato (pioggia);Asfaltata;Assente;Pioggia in atto;Scarso;Sufficiente;Sufficiente;0;0;0;1;12,51875;41,94864;-1;1;Autovettura privata;In marcia / fermata / arresto;Conducente;M;Illeso;0;;Non accertato;Inesploso
2970317;7;17/09/2016 09:35;Strada Urbana;PIAZZALE PINO PASCALI;in prossimità;;del civico n.;31;;Scontro frontale/laterale DX fra veicoli in marcia;Rettilineo;Una carreggiata a doppio senso;Asciutto;Asfaltata;Verticale ed orizzontale;Sereno;Scarso;Buona;Ore Diurne;0;0;0;3;12,57712;41,89727;-1;1;Autovettura privata;In marcia / fermata / arresto;Conducente;M;Illeso;0;;Non accertato;Inesploso
2970317;7;17/09/2016 09:35;Strada Urbana;PIAZZALE PINO PASCALI;in prossimità;;del civico n.;31;;Scontro frontale/laterale DX fra veicoli in marcia;Rettilineo;Una carreggiata a doppio senso;Asciutto;Asfaltata;Verticale ed orizzontale;Sereno;Scarso;Buona;Ore Diurne;0;0;0;3;12,57712;41,89727;-1;2;Autovettura privata;In marcia / fermata / arresto;Conducente;M;Illeso;0;;Non accertato;Inesploso
2970317;7;17/09/2016 09:35;Strada Urbana;PIAZZALE PINO PASCALI;in prossimità;;del civico n.;31;;Scontro frontale/laterale DX fra veicoli in marcia;Rettilineo;Una carreggiata a doppio senso;Asciutto;Asfaltata;Verticale ed orizzontale;Sereno;Scarso;Buona;Ore Diurne;0;0;0;3;12,57712;41,89727;-1;2;Autovettura privata;In marcia / fermata / arresto;Passeggero;M;Illeso;0;;Non accertato;Inesploso
2970329;7;19/09/2016 12:10;Strada Urbana;VIA PRENESTINA;all'intersezione con;VIA EMILIO LONGONI;VIA EMILIO LONGONI;;;Scontro laterale fra veicoli in marcia;Rotatoria;Una carreggiata a senso unico di marcia;Asciutto;Asfaltata;Orizzontale;Sereno;Normale;Buona;Ore Diurne;0;0;0;2;12,604;41,893;-1;1;Autocarro superiore 35 q.;In marcia / fermata / arresto;Conducente;M;Illeso;0;;;
2970329;7;19/09/2016 12:10;Strada Urbana;VIA PRENESTINA;all'intersezione con;VIA EMILIO LONGONI;VIA EMILIO LONGONI;;;Scontro laterale fra veicoli in marcia;Rotatoria;Una carreggiata a senso unico di marcia;Asciutto;Asfaltata;Orizzontale;Sereno;Normale;Buona;Ore Diurne;0;0;0;2;12,604;41,893;-1;2;Autovettura privata;In marcia / fermata / arresto;Conducente;M;Illeso;0;;Non accertato;Inesploso
2970333;4;18/09/2016 05:25;Strada Urbana;VIADOTTO GIUSEPPE SARAGAT;da specificare;;;;500 mt. prima dello svincolo per via M.te Giberto;Veicolo in marcia contro ostacolo fisso;Curva a visuale libera;Due carreggiate;Bagnato (pioggia);Asfaltata;Orizzontale;Nuvoloso;Scarso;Buona;Sufficiente;1;0;0;1;12,51698;41,97688;-1;1;Autovettura privata;In marcia / fermata / arresto;Conducente;M;Rimandato;0;NON DECEDUTO;Non utilizzato;
2970333;4;18/09/2016 05:25;Strada Urbana;VIADOTTO GIUSEPPE SARAGAT;da specificare;;;;500 mt. prima dello svincolo per via M.te Giberto;Veicolo in marcia contro ostacolo fisso;Curva a visuale libera;Due carreggiate;Bagnato (pioggia);Asfaltata;Orizzontale;Nuvoloso;Scarso;Buona;Sufficiente;1;0;0;1;12,51698;41,97688;-1;1;Autovettura privata;In marcia / fermata / arresto;Passeggero;M;Illeso;0;;Non accertato;Inesploso
2970387;7;18/09/2016 10:30;Strada Urbana;VIA DELLE ABELIE;in prossimità;;del civico n.;9;;Veicolo in marcia contro veicoli in sosta;Rettilineo;Una carreggiata a senso unico di marcia;Bagnato (pioggia);Asfaltata;Verticale ed orizzontale;Nuvoloso;Scarso;Buona;Ore Diurne;1;0;0;0;12,57364;41,89304;-1;1;Autovettura privata;In marcia / fermata / arresto;Conducente;F;Rimandato;0;NON DECEDUTO;Non accertato;Inesploso
2970389;16;16/09/2016 14:00;Strada Urbana;VIA DI VILLA TROILI;in prossimità;;del civico n.;60;;Ribaltamento senza urto contro ostacolo fisso;Rettilineo;Una carreggiata a doppio senso;Bagnato (umidità in atto);Asfaltata;Orizzontale;Nuvoloso;Normale;Buona;Ore Diurne;1;0;0;0;12,40653;41,88221;-1;1;Autovettura privata;In marcia / fermata / arresto;Conducente;M;Rimandato;0;NON DECEDUTO;Non accertato;
2970396;26;17/09/2016 16:45;Strada Urbana;VIA DI S. PIETRO IN CARCERE;all'intersezione con;PIAZZA DEL CAMPIDOGLIO;PIAZZA DEL CAMPIDOGLIO;;;Veicolo in marcia contro veicolo in sosta;Intersezione non regolata/non segnalata;Una carreggiata a doppio senso;Asciutto;Acciotolata;Orizzontale;Nuvoloso;Scarso;Buona;Ore Diurne;0;0;0;1;12,48364;41,89342;-1;1;Autovettura pubblica;In marcia / fermata / arresto;Conducente;M;Illeso;0;;Utilizzato;Inesploso
2970408;16;16/09/2016 22:30;Strada Urbana;VIA DELLA PISANA;in prossimità;;del civico n.;178;;Veicolo in marcia contro veicolo in sosta;Rettilineo;Una carreggiata a doppio senso;Bagnato (pioggia);Asfaltata;Verticale ed orizzontale;Pioggia in atto;Normale;Sufficiente;Sufficiente;1;0;0;0;12,41703;41,88033;-1;1;Autovettura privata;In marcia / fermata / arresto;Conducente;F;Rimandato;0;NON DECEDUTO;Non accertato;Inesploso
2970422;16;17/09/2016 18:15;Strada Urbana;PIAZZA PIETRO MEROLLI;in corrispondenza;;del civico n.;23;;Veicolo in marcia contro veicoli in arresto;Rettilineo;Una carreggiata a senso unico di marcia;Asciutto;Asfaltata;Verticale ed orizzontale;Sereno;Normale;Buona;Ore Diurne;0;0;0;5;12,44218;41,86187;-1;1;Autovettura privata;In marcia / fermata / arresto;Conducente;M;Illeso;0;;Non utilizzato;Inesploso
2970422;16;17/09/2016 18:15;Strada Urbana;PIAZZA PIETRO MEROLLI;in corrispondenza;;del civico n.;23;;Veicolo in marcia contro veicoli in arresto;Rettilineo;Una carreggiata a senso unico di marcia;Asciutto;Asfaltata;Verticale ed orizzontale;Sereno;Normale;Buona;Ore Diurne;0;0;0;5;12,44218;41,86187;-1;1;Autovettura privata;In marcia / fermata / arresto;Passeggero;F;Illeso;0;;Non accertato;
2970422;16;17/09/2016 18:15;Strada Urbana;PIAZZA PIETRO MEROLLI;in corrispondenza;;del civico n.;23;;Veicolo in marcia contro veicoli in arresto;Rettilineo;Una carreggiata a senso unico di marcia;Asciutto;Asfaltata;Verticale ed orizzontale;Sereno;Normale;Buona;Ore Diurne;0;0;0;5;12,44218;41,86187;-1;2;Autovettura privata;In marcia / fermata / arresto;Conducente;M;Illeso;0;;Non accertato;
2970423;16;16/09/2016 15:00;Strada Urbana;PIAZZALE ENRICO DUNANT;all'intersezione semaforizzata con;CIRCONVALLAZIONE GIANICOLENSE;CIRCONVALLAZIONE GIANICOLENSE;;;Tamponamento;Intersezione semaforizzata;Più di due carreggiate;Bagnato (pioggia);Asfaltata;Verticale ed orizzontale;Pioggia in atto;Normale;Buona;Ore Diurne;1;0;0;1;12,45954;41,87179;-1;1;Autovettura privata;In marcia / fermata / arresto;Conducente;F;Illeso;0;;Non accertato;Inesploso
2970423;16;16/09/2016 15:00;Strada Urbana;PIAZZALE ENRICO DUNANT;all'intersezione semaforizzata con;CIRCONVALLAZIONE GIANICOLENSE;CIRCONVALLAZIONE GIANICOLENSE;;;Tamponamento;Intersezione semaforizzata;Più di due carreggiate;Bagnato (pioggia);Asfaltata;Verticale ed orizzontale;Pioggia in atto;Normale;Buona;Ore Diurne;1;0;0;1;12,45954;41,87179;-1;2;Motociclo con passeggero;In marcia / fermata / arresto;Conducente;F;Rimandato;0;NON DECEDUTO;Non accertato;
2970424;18;19/09/2016 09:30;Strada Urbana;VIA LUCA PASSI;all'intersezione con;VIA RAFFAELE CONFORTI;VIA RAFFAELE CONFORTI;;;Scontro frontale/laterale DX fra veicoli in marcia;Intersezione non regolata/non segnalata;Una carreggiata a doppio senso;Asciutto;Asfaltata;Verticale ed orizzontale;Sereno;Normale;Buona;Ore Diurne;2;0;0;1;12,40857;41,89503;-1;1;Autovettura privata;In marcia / fermata / arresto;Conducente;F;Illeso;0;;Non accertato;Inesploso
2970424;18;19/09/2016 09:30;Strada Urbana;VIA LUCA PASSI;all'intersezione con;VIA RAFFAELE CONFORTI;VIA RAFFAELE CONFORTI;;;Scontro frontale/laterale DX fra veicoli in marcia;Intersezione non regolata/non segnalata;Una carreggiata a doppio senso;Asciutto;Asfaltata;Verticale ed orizzontale;Sereno;Normale;Buona;Ore Diurne;2;0;0;1;12,40857;41,89503;-1;2;Motociclo con passeggero;In marcia / fermata / arresto;Conducente;M;Rimandato;0;NON DECEDUTO;Non accertato;
2970424;18;19/09/2016 09:30;Strada Urbana;VIA LUCA PASSI;all'intersezione con;VIA RAFFAELE CONFORTI;VIA RAFFAELE CONFORTI;;;Scontro frontale/laterale DX fra veicoli in marcia;Intersezione non regolata/non segnalata;Una carreggiata a doppio senso;Asciutto;Asfaltata;Verticale ed orizzontale;Sereno;Normale;Buona;Ore Diurne;2;0;0;1;12,40857;41,89503;-1;2;Motociclo con passeggero;In marcia / fermata / arresto;Passeggero;F;Rimandato;0;NON DECEDUTO;Non accertato;
2970432;16;17/09/2016 12:00;Strada Urbana;LARGO NOSTRA SIGNORA DI COROMOTO;in corrispondenza;;del civico n.;14;;Scontro frontale/laterale SX fra veicoli in marcia;Rettilineo;Una carreggiata a senso unico di marcia;Asciutto;Asfaltata;Verticale ed orizzontale;Sereno;Normale;Sufficiente;Ore Diurne;0;0;0;2;12,49637;41,90278;-1;1;Motociclo a solo;In marcia / fermata / arresto;Conducente;F;Illeso;0;;Non accertato;
2970432;16;17/09/2016 12:00;Strada Urbana;LARGO NOSTRA SIGNORA DI COROMOTO;in corrispondenza;;del civico n.;14;;Scontro frontale/laterale SX fra veicoli in marcia;Rettilineo;Una carreggiata a senso unico di marcia;Asciutto;Asfaltata;Verticale ed orizzontale;Sereno;Normale;Sufficiente;Ore Diurne;0;0;0;2;12,49637;41,90278;-1;2;Autovettura privata;In marcia / fermata / arresto;Conducente;F;Illeso;0;;Non accertato;Inesploso
2970434;12;17/09/2016 23:30;Strada Urbana;PIAZZA GUGLIELMO MARCONI;da specificare;;;;DIR. GRA VIA C. COLOMBO LATERALE;Veicolo in marcia contro ostacolo fisso;Rettilineo;Due carreggiate;Asciutto;Asfaltata;Verticale ed orizzontale;Nuvoloso;Normale;Buona;Sufficiente;0;0;0;1;12,47024;41,83305;-1;1;Autovettura privata;In marcia / fermata / arresto;Conducente;M;Illeso;0;;Utilizzato;Inesploso
2970446;13;18/09/2016 18:30;Strada Urbana;VIA DEL CANALE DELLA LINGUA;all'intersezione con;VIA EPAMINONDA;VIA EPAMINONDA;;;Veicolo in marcia contro veicoli fermi;Incrocio;Una carreggiata a doppio senso;Bagnato (pioggia);Asfaltata;Assente;Pioggia in atto;Normale;Sufficiente;Ore Diurne;2;0;0;5;12,34033;41,74122;-1;1;Autocarro inferiore 35 q.;In marcia / fermata / arresto;Conducente;M;Illeso;0;;Non accertato;Inesploso
2970446;13;18/09/2016 18:30;Strada Urbana;VIA DEL CANALE DELLA LINGUA;all'intersezione con;VIA EPAMINONDA;VIA EPAMINONDA;;;Veicolo in marcia contro veicoli fermi;Incrocio;Una carreggiata a doppio senso;Bagnato (pioggia);Asfaltata;Assente;Pioggia in atto;Normale;Sufficiente;Ore Diurne;2;0;0;5;12,34033;41,74122;-1;2;Autovettura privata;In marcia / fermata / arresto;Conducente;M;Illeso;0;;Non accertato;Inesploso
2970446;13;18/09/2016 18:30;Strada Urbana;VIA DEL CANALE DELLA LINGUA;all'intersezione con;VIA EPAMINONDA;VIA EPAMINONDA;;;Veicolo in marcia contro veicoli fermi;Incrocio;Una carreggiata a doppio senso;Bagnato (pioggia);Asfaltata;Assente;Pioggia in atto;Normale;Sufficiente;Ore Diurne;2;0;0;5;12,34033;41,74122;-1;2;Autovettura privata;In marcia / fermata / arresto;Passeggero;M;Rimandato;0;NON DECEDUTO;Non accertato;Inesploso
2970446;13;18/09/2016 18:30;Strada Urbana;VIA DEL CANALE DELLA LINGUA;all'intersezione con;VIA EPAMINONDA;VIA EPAMINONDA;;;Veicolo in marcia contro veicoli fermi;Incrocio;Una carreggiata a doppio senso;Bagnato (pioggia);Asfaltata;Assente;Pioggia in atto;Normale;Sufficiente;Ore Diurne;2;0;0;5;12,34033;41,74122;-1;2;Autovettura privata;In marcia / fermata / arresto;Passeggero;M;Rimandato;0;NON DECEDUTO;Non accertato;Inesploso
2970446;13;18/09/2016 18:30;Strada Urbana;VIA DEL CANALE DELLA LINGUA;all'intersezione con;VIA EPAMINONDA;VIA EPAMINONDA;;;Veicolo in marcia contro veicoli fermi;Incrocio;Una carreggiata a doppio senso;Bagnato (pioggia);Asfaltata;Assente;Pioggia in atto;Normale;Sufficiente;Ore Diurne;2;0;0;5;12,34033;41,74122;-1;3;Autovettura privata;In marcia / fermata / arresto;Conducente;M;Illeso;0;;Non accertato;Inesploso
2970446;13;18/09/2016 18:30;Strada Urbana;VIA DEL CANALE DELLA LINGUA;all'intersezione con;VIA EPAMINONDA;VIA EPAMINONDA;;;Veicolo in marcia contro veicoli fermi;Incrocio;Una carreggiata a doppio senso;Bagnato (pioggia);Asfaltata;Assente;Pioggia in atto;Normale;Sufficiente;Ore Diurne;2;0;0;5;12,34033;41,74122;-1;3;Autovettura privata;In marcia / fermata / arresto;Passeggero;M;Illeso;0;;Non accertato;Inesploso
2970446;13;18/09/2016 18:30;Strada Urbana;VIA DEL CANALE DELLA LINGUA;all'intersezione con;VIA EPAMINONDA;VIA EPAMINONDA;;;Veicolo in marcia contro veicoli fermi;Incrocio;Una carreggiata a doppio senso;Bagnato (pioggia);Asfaltata;Assente;Pioggia in atto;Normale;Sufficiente;Ore Diurne;2;0;0;5;12,34033;41,74122;-1;3;Autovettura privata;In marcia / fermata / arresto;Passeggero;F;Illeso;0;;Non accertato;Inesploso