Protocollo;Gruppo;DataOraIncidente;Localizzazione1;STRADA1;Localizzazione2;STRADA2;Strada02;Chilometrica;DaSpecificare;NaturaIncidente;particolaritastrade;TipoStrada;FondoStradale;Pavimentazione;Segnaletica;CondizioneAtmosferica;Traffico;Visibilita;Illuminazione;NUM_FERITI;NUM_RISERVATA;NUM_MORTI;NUM_ILLESI;Longitudine;Latitudine;Confermato;Progressivo;TipoVeicolo;StatoVeicolo;TipoPersona;Sesso;Tipolesione;Deceduto;DecedutoDopo;CinturaCascoUtilizzato;Airbag
2981187;12;23/09/2016 23:00;Strada Urbana;VIA SILVIO D'AMICO;in corrispondenza;;del civico n.;20;;Veicolo in marcia contro veicolo fermo;Rettilineo;Due carreggiate;Asciutto;Asfaltata;Verticale ed orizzontale;Sereno;Scarso;Buona;Sufficiente;0;0;0;2;12,47816;41,85173;-1;1;Autovettura privata;In marcia / fermata / arresto;Conducente;M;Illeso;0;;Non accertato;Inesploso
2981187;12;23/09/2016 23:00;Strada Urbana;VIA SILVIO D'AMICO;in corrispondenza;;del civico n.;20;;Veicolo in marcia contro veicolo fermo;Rettilineo;Due carreggiate;Asciutto;Asfaltata;Verticale ed orizzontale;Sereno;Scarso;Buona;Sufficiente;0;0;0;2;12,47816;41,85173;-1;2;Autovettura privata;In marcia / fermata / arresto;Conducente;F;Illeso;0;;Non accertato;Inesploso
2981233;12;23/09/2016 15:30;Strada Urbana;VIALE GUGLIELMO MARCONI;da specificare;;;;sottovia VIA C.COLOMBO direzione ROMA;Tamponamento;Sottopasso illuminato;Una carreggiata a senso unico di marcia;Asciutto;Asfaltata;Verticale ed orizzontale;Sereno;Intenso;Buona;Ore Diurne;0;0;0;3;12,47148;41,85669;-1;1;Autovettura privata;In marcia / fermata / arresto;Conducente;F;Illeso;0;;Non accertato;Inesploso
2981233;12;23/09/2016 15:30;Strada Urbana;VIALE GUGLIELMO MARCONI;da specificare;;;;sottovia VIA C.COLOMBO direzione ROMA;Tamponamento;Sottopasso illuminato;Una carreggiata a senso unico di marcia;Asciutto;Asfaltata;Verticale ed orizzontale;Sereno;Intenso;Buona;Ore Diurne;0;0;0;3;12,47148;41,85669;-1;2;Veicolo speciale;In marcia / fermata / arresto;Conducente;M;Illeso;0;;Non accertato;Inesploso
2981233;12;23/09/2016 15:30;Strada Urbana;VIALE GUGLIELMO MARCONI;da specificare;;;;sottovia VIA C.COLOMBO direzione ROMA;Tamponamento;Sottopasso illuminato;Una carreggiata a senso unico di marcia;Asciutto;Asfaltata;Verticale ed orizzontale;Sereno;Intenso;Buona;Ore Diurne;0;0;0;3;12,47148;41,85669;-1;2;Veicolo speciale;In marcia / fermata / arresto;Passeggero;F;Illeso;0;;Utilizzato;Inesploso
2981270;16;26/09/2016 08:20;Strada Urbana;CIRCONVALLAZIONE GIANICOLENSE;da specificare;;;;FRONTE VIA GIROLAMO EMILIANI;Investimento di pedone;Rettilineo;Più di due carreggiate;Asciutto;Asfaltata;Verticale;Sereno;Normale;Buona;Ore Diurne;1;0;0;1;12,44956;41,87247;-1;;;;Pedone;M;Rimandato;0;NON DECEDUTO;;
2981270;16;26/09/2016 08:20;Strada Urbana;CIRCONVALLAZIONE GIANICOLENSE;da specificare;;;;FRONTE VIA GIROLAMO EMILIANI;Investimento di pedone;Rettilineo;Più di due carreggiate;Asciutto;Asfaltata;Verticale;Sereno;Normale;Buona;Ore Diurne;1;0;0;1;12,44956;41,87247;-1;1;Autovettura privata;In marcia / fermata / arresto;Conducente;F;Illeso;0;;Non accertato;
2981279;11;26/09/2016 15:45;Strada Urbana;VIA ARDEATINA;in prossimità;;del palo luce n.;60;;Ribaltamento senza urto contro ostacolo fisso;Rettilineo;Una carreggiata a doppio senso;Asciutto;Asfaltata;Orizzontale;Sereno;Normale;Buona;Ore Diurne;0;0;0;1;12,52576;41,81285;-1;1;Autovettura privata;In marcia / fermata / arresto;Conducente;M;Illeso;0;;Non accertato;Inesploso
2981312;12;24/09/2016 22:20;Strada Urbana;VIA ABIGAILLE ZANETTA;in corrispondenza;;del civico n.;84;;Investimento di pedone;Rettilineo;Una carreggiata a senso unico di marcia;Asciutto;Asfaltata;Verticale ed orizzontale;Sereno;Normale;Buona;Sufficiente;0;0;0;2;12,50696;41,81489;-1;;;;Pedone;M;Illeso;0;;;
2981312;12;24/09/2016 22:20;Strada Urbana;VIA ABIGAILLE ZANETTA;in corrispondenza;;del civico n.;84;;Investimento di pedone;Rettilineo;Una carreggiata a senso unico di marcia;Asciutto;Asfaltata;Verticale ed orizzontale;Sereno;Normale;Buona;Sufficiente;0;0;0;2;12,50696;41,81489;-1;1;Autovettura privata;In marcia / fermata / arresto;Conducente;M;Illeso;0;;Non accertato;Inesploso
2981315;7;26/09/2016 16:45;Strada Urbana;VIA DI TOR TRE TESTE;all'intersezione con;VIA DELLE NESPOLE;VIA DELLE NESPOLE;;;Tamponamento Multiplo;Incrocio;Due carreggiate;Asciutto;Asfaltata;Verticale ed orizzontale;Sereno;Normale;Sufficiente;Ore Diurne;0;0;0;5;12,58821;41,87603;-1;1;Autovettura privata;In marcia / fermata / arresto;Conducente;M;Illeso;0;;Non accertato;Inesploso
2981315;7;26/09/2016 16:45;Strada Urbana;VIA DI TOR TRE TESTE;all'intersezione con;VIA DELLE NESPOLE;VIA DELLE NESPOLE;;;Tamponamento Multiplo;Incrocio;Due carreggiate;Asciutto;Asfaltata;Verticale ed orizzontale;Sereno;Normale;Sufficiente;Ore Diurne;0;0;0;5;12,58821;41,87603;-1;1;Autovettura privata;In marcia / fermata / arresto;Passeggero;M;Illeso;0;;Non accertato;Inesploso
2981315;7;26/09/2016 16:45;Strada Urbana;VIA DI TOR TRE TESTE;all'intersezione con;VIA DELLE NESPOLE;VIA DELLE NESPOLE;;;Tamponamento Multiplo;Incrocio;Due carreggiate;Asciutto;Asfaltata;Verticale ed orizzontale;Sereno;Normale;Sufficiente;Ore Diurne;0;0;0;5;12,58821;41,87603;-1;1;Autovettura privata;In marcia / fermata / arresto;Passeggero;M;Illeso;0;;Non accertato;Inesploso
2981315;7;26/09/2016 16:45;Strada Urbana;VIA DI TOR TRE TESTE;all'intersezione con;VIA DELLE NESPOLE;VIA DELLE NESPOLE;;;Tamponamento Multiplo;Incrocio;Due carreggiate;Asciutto;Asfaltata;Verticale ed orizzontale;Sereno;Normale;Sufficiente;Ore Diurne;0;0;0;5;12,58821;41,87603;-1;2;Autovettura privata;In marcia / fermata / arresto;Conducente;M;Illeso;0;;Non accertato;Inesploso
2981315;7;26/09/2016 16:45;Strada Urbana;VIA DI TOR TRE TESTE;all'intersezione con;VIA DELLE NESPOLE;VIA DELLE NESPOLE;;;Tamponamento Multiplo;Incrocio;Due carreggiate;Asciutto;Asfaltata;Verticale ed orizzontale;Sereno;Normale;Sufficiente;Ore Diurne;0;0;0;5;12,58821;41,87603;-1;3;Autovettura privata;In marcia / fermata / arresto;Conducente;M;Illeso;0;;Non accertato;Inesploso
2981331;12;24/09/2016 03:40;Strada Urbana;VIALE DELLA PITTURA;in corrispondenza;;del civico n.;20;;Scontro frontale/laterale DX fra veicoli in marcia;Rettilineo;Una carreggiata a senso unico di marcia;Asciutto;Asfaltata;Verticale;Sereno;Scarso;Sufficiente;Sufficiente;0;0;0;3;12,47571;41,83324;-1;1;Autovettura privata;In marcia / fermata / arresto;Conducente;M;Illeso;0;;Non accertato;Inesploso
2981331;12;24/09/2016 03:40;Strada Urbana;VIALE DELLA PITTURA;in corrispondenza;;del civico n.;20;;Scontro frontale/laterale DX fra veicoli in marcia;Rettilineo;Una carreggiata a senso unico di marcia;Asciutto;Asfaltata;Verticale;Sereno;Scarso;Sufficiente;Sufficiente;0;0;0;3;12,47571;41,83324;-1;2;Autovettura privata;In marcia / fermata / arresto;Conducente;M;Illeso;0;;Non accertato;Inesploso
2981331;12;24/09/2016 03:40;Strada Urbana;VIALE DELLA PITTURA;in corrispondenza;;del civico n.;20;;Scontro frontale/laterale DX fra veicoli in marcia;Rettilineo;Una carreggiata a senso unico di marcia;Asciutto;Asfaltata;Verticale;Sereno;Scarso;Sufficiente;Sufficiente;0;0;0;3;12,47571;41,83324;-1;2;Autovettura privata;In marcia / fermata / arresto;Passeggero;F;Illeso;0;;Non accertato;Inesploso
2981342;16;26/09/2016 10:10;Strada Urbana;LARGO ALBERTO PEPERE;all'intersezione con;VIA DEL CASALETTO;VIA DEL CASALETTO;;;Investimento di pedone;Intersezione non regolata/non segnalata;Una carreggiata a doppio senso;Asciutto;Asfaltata;Orizzontale;Sereno;Normale;Buona;Ore Diurne;1;0;0;1;12,43894;41,86984;-1;;;;Pedone;F;Ricoverato;0;NON DECEDUTO;;
2981342;16;26/09/2016 10:10;Strada Urbana;LARGO ALBERTO PEPERE;all'intersezione con;VIA DEL CASALETTO;VIA DEL CASALETTO;;;Investimento di pedone;Intersezione non regolata/non segnalata;Una carreggiata a doppio senso;Asciutto;Asfaltata;Orizzontale;Sereno;Normale;Buona;Ore Diurne;1;0;0;1;12,43894;41,86984;-1;1;Autovettura privata;In marcia / fermata / arresto;Conducente;M;Illeso;0;;Non accertato;Inesploso
2981408;12;25/09/2016 13:20;Strada Urbana;VIA CATERINA TROIANI;all'intersezione con;VIA DELLE COSTELLAZIONI;VIA DELLE COSTELLAZIONI;;;Scontro frontale/laterale DX fra veicoli in marcia;Incrocio;Una carreggiata a doppio senso;Asciutto;Asfaltata;Orizzontale;Sereno;Normale;Buona;Ore Diurne;2;0;0;2;12,45016;41,81222;-1;1;Autovettura privata;In marcia / fermata / arresto;Conducente;M;Illeso;0;;Non accertato;Inesploso
2981408;12;25/09/2016 13:20;Strada Urbana;VIA CATERINA TROIANI;all'intersezione con;VIA DELLE COSTELLAZIONI;VIA DELLE COSTELLAZIONI;;;Scontro frontale/laterale DX fra veicoli in marcia;Incrocio;Una carreggiata a doppio senso;Asciutto;Asfaltata;Orizzontale;Sereno;Normale;Buona;Ore Diurne;2;0;0;2;12,45016;41,81222;-1;1;Autovettura privata;In marcia / fermata / arresto;Passeggero;M;Illeso;0;;Utilizzato;Inesistente
2981408;12;25/09/2016 13:20;Strada Urbana;VIA CATERINA TROIANI;all'intersezione con;VIA DELLE COSTELLAZIONI;VIA DELLE COSTELLAZIONI;;;Scontro frontale/laterale DX fra veicoli in marcia;Incrocio;Una carreggiata a doppio senso;Asciutto;Asfaltata;Orizzontale;Sereno;Normale;Buona;Ore Diurne;2;0;0;2;12,45016;41,81222;-1;2;Motociclo con passeggero;In marcia / fermata / arresto;Conducente;M;Rimandato;0;NON DECEDUTO;Non accertato;
2981408;12;25/09/2016 13:20;Strada Urbana;VIA CATERINA TROIANI;all'intersezione con;VIA DELLE COSTELLAZIONI;VIA DELLE COSTELLAZIONI;;;Scontro frontale/laterale DX fra veicoli in marcia;Incrocio;Una carreggiata a doppio senso;Asciutto;Asfaltata;Orizzontale;Sereno;Normale;Buona;Ore Diurne;2;0;0;2;12,45016;41,81222;-1;2;Motociclo con passeggero;In marcia / fermata / arresto;Passeggero;F;Rimandato;0;NON DECEDUTO;Non accertato;
2981427;19;26/09/2016 16:20;Strada Urbana;VIA TRIONFALE;in corrispondenza;;del civico n.;10942;;Scontro frontale/laterale SX fra veicoli in marcia;Rettilineo;Una carreggiata a doppio senso;Asciutto;Asfaltata;Orizzontale;Sereno;Intenso;Buona;Ore Diurne;1;0;0;1;12,41242;41,95759;-1;1;Motociclo a solo;In marcia / fermata / arresto;Conducente;M;Ricoverato;0;NON DECEDUTO;Non accertato;
2981427;19;26/09/2016 16:20;Strada Urbana;VIA TRIONFALE;in corrispondenza;;del civico n.;10942;;Scontro frontale/laterale SX fra veicoli in marcia;Rettilineo;Una carreggiata a doppio senso;Asciutto;Asfaltata;Orizzontale;Sereno;Intenso;Buona;Ore Diurne;1;0;0;1;12,41242;41,95759;-1;2;Autovettura privata;In marcia / fermata / arresto;Conducente;M;Illeso;0;;Non accertato;Inesploso
2981450;6;26/09/2016 14:45;Strada Urbana;VIA LUCHINO DAL VERME;in corrispondenza;;del civico n.;112;;Scontro frontale/laterale DX fra veicoli in marcia;Rettilineo;Una carreggiata a senso unico di marcia;Asciutto;Asfaltata;Verticale ed orizzontale;Sereno;Normale;Buona;Ore Diurne;1;0;0;1;12,54066;41,88868;-1;1;Autovettura privata;In marcia / fermata / arresto;Conducente;M;Illeso;0;;;
2981450;6;26/09/2016 14:45;Strada Urbana;VIA LUCHINO DAL VERME;in corrispondenza;;del civico n.;112;;Scontro frontale/laterale DX fra veicoli in marcia;Rettilineo;Una carreggiata a senso unico di marcia;Asciutto;Asfaltata;Verticale ed orizzontale;Sereno;Normale;Buona;Ore Diurne;1;0;0;1;12,54066;41,88868;-1;2;Motociclo a solo;In marcia / fermata / arresto;Conducente;M;Rifiuta cure immediate;0;NON DECEDUTO;;
2981470;10;26/09/2016 17:40;Strada Urbana;VIA FABRIZIO LUSCINO;in corrispondenza;;del civico n.;126;;Scontro laterale fra veicoli in marcia;Rettilineo;Una carreggiata a senso unico di marcia;Asciutto;Asfaltata;Verticale ed orizzontale;Sereno;Normale;Sufficiente;Ore Diurne;0;0;0;2;12,55851;41,85433;-1;1;Autovettura privata;In marcia / fermata / arresto;Conducente;M;Illeso;0;;Non accertato;Inesploso
2981470;10;26/09/2016 17:40;Strada Urbana;VIA FABRIZIO LUSCINO;in corrispondenza;;del civico n.;126;;Scontro laterale fra veicoli in marcia;Rettilineo;Una carreggiata a senso unico di marcia;Asciutto;Asfaltata;Verticale ed orizzontale;Sereno;Normale;Sufficiente;Ore Diurne;0;0;0;2;12,55851;41,85433;-1;2;Motociclo a solo;In marcia / fermata / arresto;Conducente;M;Illeso;0;;Non accertato;
2981501;15;26/09/2016 18:45;Strada Urbana;VIA PORTUENSE;in prossimità;;del civico n.;251;;Tamponamento;Rettilineo;Una carreggiata a doppio senso;Asciutto;Asfaltata;Orizzontale;Sereno;Intenso;Buona;Ore Diurne;0;0;0;2;12,46522;41,86911;-1;1;Autovettura privata;In marcia / fermata / arresto;Conducente;M;Illeso;0;;Utilizzato;Inesploso
2981501;15;26/09/2016 18:45;Strada Urbana;VIA PORTUENSE;in prossimità;;del civico n.;251;;Tamponamento;Rettilineo;Una carreggiata a doppio senso;Asciutto;Asfaltata;Orizzontale;Sereno;Intenso;Buona;Ore Diurne;0;0;0;2;12,46522;41,86911;-1;2;Autovettura privata;In marcia / fermata / arresto;Conducente;F;Illeso;0;;Utilizzato;Inesploso
2981556;3;21/09/2016 22:15;Strada Urbana;VIALE DUILIO CAMBELLOTTI;in prossimità;;del civico n.;167;;Veicolo in marcia contro ostacolo accidentale;Rettilineo;Due carreggiate;Asciutto;Asfaltata;Verticale ed orizzontale;Sereno;Scarso;Buona;Sufficiente;0;0;0;2;12,63048;41,86747;-1;1;Autovettura privata;In marcia / fermata / arresto;Conducente;M;Illeso;0;;;
2981556;3;21/09/2016 22:15;Strada Urbana;VIALE DUILIO CAMBELLOTTI;in prossimità;;del civico n.;167;;Veicolo in marcia contro ostacolo accidentale;Rettilineo;Due carreggiate;Asciutto;Asfaltata;Verticale ed orizzontale;Sereno;Scarso;Buona;Sufficiente;0;0;0;2;12,63048;41,86747;-1;1;Autovettura privata;In marcia / fermata / arresto;Passeggero;F;Illeso;0;;Non accertato;
2981567;3;21/09/2016 22:30;Strada Urbana;VIALE DUILIO CAMBELLOTTI;in prossimità;;del civico n.;167;;Veicolo in marcia contro ostacolo accidentale;Rettilineo;Due carreggiate;Asciutto;Asfaltata;Verticale ed orizzontale;Sereno;Scarso;Buona;Sufficiente;0;0;0;1;12,63048;41,86747;-1;1;Autovettura privata;In marcia / fermata / arresto;Conducente;M;Illeso;0;;Non accertato;
2981571;7;26/09/2016 19:30;Strada Urbana;VIA PAPIRIA;all'intersezione con;VIA CALPURNIO FIAMMA;VIA CALPURNIO FIAMMA;;;Scontro frontale/laterale DX fra veicoli in marcia;Incrocio;Due carreggiate;Asciutto;Asfaltata;Verticale ed orizzontale;Sereno;Normale;Buona;Sufficiente;0;0;0;2;12,5623;41,86321;-1;1;Autovettura privata;In marcia / fermata / arresto;Conducente;M;Illeso;0;;Non accertato;Inesploso
2981571;7;26/09/2016 19:30;Strada Urbana;VIA PAPIRIA;all'intersezione con;VIA CALPURNIO FIAMMA;VIA CALPURNIO FIAMMA;;;Scontro frontale/laterale DX fra veicoli in marcia;Incrocio;Due carreggiate;Asciutto;Asfaltata;Verticale ed orizzontale;Sereno;Normale;Buona;Sufficiente;0;0;0;2;12,5623;41,86321;-1;2;Autovettura privata;In marcia / fermata / arresto;Conducente;M;Illeso;0;;Non accertato;Inesploso
2981572;3;21/09/2016 22:35;Strada Urbana;VIALE DUILIO CAMBELLOTTI;in prossimità;;del civico n.;167;;Veicolo in marcia contro ostacolo fisso;Rettilineo;Due carreggiate;Asciutto;Asfaltata;Verticale ed orizzontale;Nebbia;Scarso;Buona;Sufficiente;0;0;0;1;12,63048;41,86747;-1;1;Autovettura privata;In marcia / fermata / arresto;Conducente;M;Illeso;0;;Non accertato;
2981573;3;21/09/2016 22:45;Strada Urbana;VIALE DUILIO CAMBELLOTTI;in prossimità;;del civico n.;167;;Veicolo in marcia contro ostacolo accidentale;Rettilineo;Due carreggiate;Asciutto;Asfaltata;Verticale ed orizzontale;Sereno;Scarso;Buona;Sufficiente;0;0;0;1;12,63048;41,86747;-1;1;Motociclo a solo;In marcia / fermata / arresto;Conducente;M;Illeso;0;;;
2981739;9;26/09/2016 19:00;Strada Urbana;VIA BRITANNIA;in prossimità;;del civico n.;12;;Veicolo in marcia contro veicolo in sosta;Rettilineo;Una carreggiata a doppio senso;Asciutto;Asfaltata;Verticale ed orizzontale;Sereno;Normale;Buona;Ore Diurne;0;0;0;1;12,50818;41,87972;-1;1;Autovettura privata;In marcia / fermata / arresto;Conducente;M;Illeso;0;;Non accertato;Inesploso
2981740;15;26/09/2016 11:30;Strada Urbana;VIA DI VILLA BONELLI;in corrispondenza;;del civico n.;73;;Tamponamento;Rettilineo;Una carreggiata a senso unico di marcia;Asciutto;Asfaltata;Verticale;Sereno;Normale;Buona;Ore Diurne;0;0;0;3;12,45609;41,85111;-1;1;Autovettura privata;In marcia / fermata / arresto;Conducente;F;Illeso;0;;Utilizzato;
2981740;15;26/09/2016 11:30;Strada Urbana;VIA DI VILLA BONELLI;in corrispondenza;;del civico n.;73;;Tamponamento;Rettilineo;Una carreggiata a senso unico di marcia;Asciutto;Asfaltata;Verticale;Sereno;Normale;Buona;Ore Diurne;0;0;0;3;12,45609;41,85111;-1;1;Autovettura privata;In marcia / fermata / arresto;Passeggero;F;Illeso;0;;Utilizzato;
2981740;15;26/09/2016 11:30;Strada Urbana;VIA DI VILLA BONELLI;in corrispondenza;;del civico n.;73;;Tamponamento;Rettilineo;Una carreggiata a senso unico di marcia;Asciutto;Asfaltata;Verticale;Sereno;Normale;Buona;Ore Diurne;0;0;0;3;12,45609;41,85111;-1;2;Motociclo a solo;In marcia / fermata / arresto;Conducente;M;Illeso;0;;Non accertato;
2981742;15;26/09/2016 11:40;Strada Urbana;VIA PORTUENSE;in prossimità;;del civico n.;333;;Scontro frontale/laterale SX fra veicoli in marcia;Rettilineo;Una carreggiata a doppio senso;Asciutto;Asfaltata;Orizzontale;Sereno;Normale;Buona;Ore Diurne;0;0;0;2;12,45965;41,86538;-1;1;Autovettura privata;In marcia / fermata / arresto;Conducente;F;Illeso;0;;Utilizzato;Inesploso
2981742;15;26/09/2016 11:40;Strada Urbana;VIA PORTUENSE;in prossimità;;del civico n.;333;;Scontro frontale/laterale SX fra veicoli in marcia;Rettilineo;Una carreggiata a doppio senso;Asciutto;Asfaltata;Orizzontale;Sereno;Normale;Buona;Ore Diurne;0;0;0;2;12,45965;41,86538;-1;2;Autovettura privata;In marcia / fermata / arresto;Conducente;F;Illeso;0;;Utilizzato;Inesploso
2981819;3;22/09/2016 00:08;Strada Urbana;VIALE DUILIO CAMBELLOTTI;in prossimità;;del civico n.;167;;Veicolo in marcia contro ostacolo accidentale;Rettilineo;Due carreggiate;Asciutto;Asfaltata;Verticale ed orizzontale;Sereno;Scarso;Buona;Sufficiente;0;0;0;1;12,63048;41,86747;-1;1;Autovettura privata;In marcia / fermata / arresto;Conducente;F;Illeso;0;;Non accertato;
2981822;3;22/09/2016 00:30;Strada Urbana;VIALE DUILIO CAMBELLOTTI;in prossimità;;del civico n.;167;;Veicolo in marcia contro ostacolo accidentale;Rettilineo;Due carreggiate;Asciutto;Asfaltata;Verticale ed orizzontale;Sereno;Scarso;Sufficiente;Sufficiente;0;0;0;3;12,63048;41,86747;-1;1;Autovettura privata;In marcia / fermata / arresto;Conducente;F;Illeso;0;;;
2981822;3;22/09/2016 00:30;Strada Urbana;VIALE DUILIO CAMBELLOTTI;in prossimità;;del civico n.;167;;Veicolo in marcia contro ostacolo accidentale;Rettilineo;Due carreggiate;Asciutto;Asfaltata;Verticale ed orizzontale;Sereno;Scarso;Sufficiente;Sufficiente;0;0;0;3;12,63048;41,86747;-1;1;Autovettura privata;In marcia / fermata / arresto;Passeggero;F;Illeso;0;;Non accertato;
2981822;3;22/09/2016 00:30;Strada Urbana;VIALE DUILIO CAMBELLOTTI;in prossimità;;del civico n.;167;;Veicolo in marcia contro ostacolo accidentale;Rettilineo;Due carreggiate;Asciutto;Asfaltata;Verticale ed orizzontale;Sereno;Scarso;Sufficiente;Sufficiente;0;0;0;3;12,63048;41,86747;-1;1;Autovettura privata;In marcia / fermata / arresto;Passeggero;F;Illeso;0;;Non accertato;
2981825;3;22/09/2016 00:45;Strada Urbana;VIALE DUILIO CAMBELLOTTI;in prossimità;;del civico n.;167;;Veicolo in marcia contro ostacolo accidentale;Rettilineo;Due carreggiate;Asciutto;Asfaltata;Verticale ed orizzontale;Sereno;Scarso;Buona;Sufficiente;0;0;0;1;12,63014;41,86773;-1;1;Autovettura privata;In marcia / fermata / arresto;Conducente;M;Illeso;0;;Non accertato;Inesploso
2981828;3;22/09/2016 13:45;Strada Urbana;VIA CATANIA;da specificare;;;;ALTEZZA CIVICO 38;Tamponamento;Pendenza;Una carreggiata a doppio senso;Asciutto;Asfaltata;Verticale ed orizzontale;Sereno;Normale;Buona;Ore Diurne;0;0;0;3;12,51865;41,91008;-1;1;Autovettura privata;In marcia / fermata / arresto;Conducente;F;Illeso;0;;Non accertato;Inesploso
2981828;3;22/09/2016 13:45;Strada Urbana;VIA CATANIA;da specificare;;;;ALTEZZA CIVICO 38;Tamponamento;Pendenza;Una carreggiata a doppio senso;Asciutto;Asfaltata;Verticale ed orizzontale;Sereno;Normale;Buona;Ore Diurne;0;0;0;3;12,51865;41,91008;-1;1;Autovettura privata;In marcia / fermata / arresto;Passeggero;F;Illeso;0;;Non accertato;Inesploso
2981828;3;22/09/2016 13:45;Strada Urbana;VIA CATANIA;da specificare;;;;ALTEZZA CIVICO 38;Tamponamento;Pendenza;Una carreggiata a doppio senso;Asciutto;Asfaltata;Verticale ed orizzontale;Sereno;Normale;Buona;Ore Diurne;0;0;0;3;12,51865;41,91008;-1;2;Autovettura privata;In marcia / fermata / arresto;Conducente;M;Illeso;0;;Non accertato;Inesploso
2981839;3;23/09/2016 15:10;Strada Urbana;CIRCONVALLAZIONE TIBURTINA;da specificare;;;;F.C. CASERMA BIANCHI DIREZIONE SALARIA;Tamponamento Multiplo;Rettilineo;Più di due carreggiate;Asciutto;Asfaltata;Verticale ed orizzontale;Nuvoloso;Intenso;Sufficiente;Ore Diurne;1;0;0;2;12,52721;41,92947;-1;1;Autovettura privata;In marcia / fermata / arresto;Conducente;F;Rimandato;0;NON DECEDUTO;Non utilizzato;Inesploso
2981839;3;23/09/2016 15:10;Strada Urbana;CIRCONVALLAZIONE TIBURTINA;da specificare;;;;F.C. CASERMA BIANCHI DIREZIONE SALARIA;Tamponamento Multiplo;Rettilineo;Più di due carreggiate;Asciutto;Asfaltata;Verticale ed orizzontale;Nuvoloso;Intenso;Sufficiente;Ore Diurne;1;0;0;2;12,52721;41,92947;-1;2;Autocarro inferiore 35 q.;In marcia / fermata / arresto;Conducente;M;Illeso;0;;Non accertato;Inesploso
2981839;3;23/09/2016 15:10;Strada Urbana;CIRCONVALLAZIONE TIBURTINA;da specificare;;;;F.C. CASERMA BIANCHI DIREZIONE SALARIA;Tamponamento Multiplo;Rettilineo;Più di due carreggiate;Asciutto;Asfaltata;Verticale ed orizzontale;Nuvoloso;Intenso;Sufficiente;Ore Diurne;1;0;0;2;12,52721;41,92947;-1;3;Autovettura privata;In marcia / fermata / arresto;Conducente;M;Illeso;0;;Non accertato;Inesploso
2981845;10;26/09/2016 14:40;Strada Urbana;VIA APPIA NUOVA;in prossimità;;del civico n.;1260;;Scontro laterale fra veicoli in marcia;Rettilineo;Due carreggiate;Asciutto;Asfaltata;Orizzontale;Sereno;Normale;Buona;Ore Diurne;0;0;0;2;12,56627;41,8207;-1;1;Autovettura privata;In marcia / fermata / arresto;Conducente;M;Illeso;0;;Non accertato;Inesploso
2981845;10;26/09/2016 14:40;Strada Urbana;VIA APPIA NUOVA;in prossimità;;del civico n.;1260;;Scontro laterale fra veicoli in marcia;Rettilineo;Due carreggiate;Asciutto;Asfaltata;Orizzontale;Sereno;Normale;Buona;Ore Diurne;0;0;0;2;12,56627;41,8207;-1;2;Autovettura privata;In marcia / fermata / arresto;Conducente;M;Illeso;0;;Non accertato;Inesploso
2981850;3;23/09/2016 17:45;Strada Urbana;VIA NOMENTANA;in prossimità;;del civico n.;66;;Scontro frontale/laterale SX fra veicoli in marcia;Rettilineo;Più di due carreggiate;Asciutto;Asfaltata;Verticale ed orizzontale;Nuvoloso;Normale;Buona;Ore Diurne;0;1;0;2;12,51008;41,91516;-1;1;Autovettura privata;In marcia / fermata / arresto;Conducente;M;Illeso;0;;Non accertato;Inesploso
2981850;3;23/09/2016 17:45;Strada Urbana;VIA NOMENTANA;in prossimità;;del civico n.;66;;Scontro frontale/laterale SX fra veicoli in marcia;Rettilineo;Più di due carreggiate;Asciutto;Asfaltata;Verticale ed orizzontale;Nuvoloso;Normale;Buona;Ore Diurne;0;1;0;2;12,51008;41,91516;-1;1;Autovettura privata;In marcia / fermata / arresto;Passeggero;F;Illeso;0;;Non accertato;Inesploso
2981850;3;23/09/2016 17:45;Strada Urbana;VIA NOMENTANA;in prossimità;;del civico n.;66;;Scontro frontale/laterale SX fra veicoli in marcia;Rettilineo;Più di due carreggiate;Asciutto;Asfaltata;Verticale ed orizzontale;Nuvoloso;Normale;Buona;Ore Diurne;0;1;0;2;12,51008;41,91516;-1;2;Motociclo a solo;In marcia / fermata / arresto;Conducente;M;Prognosi riservata;0;NON DECEDUTO;;
2981864;11;26/09/2016 17:00;Strada Urbana;VIA ALESSANDRO SEVERO;in corrispondenza;;del civico n.;209;;Tamponamento Multiplo;Rettilineo;Una carreggiata a senso unico di marcia;Asciutto;Asfaltata;Verticale ed orizzontale;Sereno;Normale;Buona;Ore Diurne;2;0;0;3;12,48749;41,85315;-1;1;Autovettura privata;In marcia / fermata / arresto;Conducente;M;Illeso;0;;Non accertato;Inesploso
2981864;11;26/09/2016 17:00;Strada Urbana;VIA ALESSANDRO SEVERO;in corrispondenza;;del civico n.;209;;Tamponamento Multiplo;Rettilineo;Una carreggiata a senso unico di marcia;Asciutto;Asfaltata;Verticale ed orizzontale;Sereno;Normale;Buona;Ore Diurne;2;0;0;3;12,48749;41,85315;-1;2;Autovettura privata;In marcia / fermata / arresto;Conducente;F;Rifiuta cure immediate;0;NON DECEDUTO;Non accertato;Inesploso
2981864;11;26/09/2016 17:00;Strada Urbana;VIA ALESSANDRO SEVERO;in corrispondenza;;del civico n.;209;;Tamponamento Multiplo;Rettilineo;Una carreggiata a senso unico di marcia;Asciutto;Asfaltata;Verticale ed orizzontale;Sereno;Normale;Buona;Ore Diurne;2;0;0;3;12,48749;41,85315;-1;2;Autovettura privata;In marcia / fermata / arresto;Passeggero;F;Illeso;0;;Non accertato;Inesploso